Faculty_ID,Date,Time,Available
F001,01-04-2026,FN,No
F001,01-04-2026,AN,No
F001,02-04-2026,FN,No
F001,02-04-2026,AN,No
F001,03-04-2026,FN,Yes
F001,03-04-2026,AN,No
F001,04-04-2026,FN,No
F001,04-04-2026,AN,Yes
F001,05-04-2026,FN,Yes
F001,05-04-2026,AN,No
F001,06-04-2026,FN,Yes
F001,06-04-2026,AN,Yes
F001,07-04-2026,FN,No
F001,07-04-2026,AN,No
F001,08-04-2026,FN,No
F001,08-04-2026,AN,No
F001,09-04-2026,FN,Yes
F001,09-04-2026,AN,Yes
F001,10-04-2026,FN,Yes
F001,10-04-2026,AN,No
F002,01-04-2026,FN,Yes
F002,01-04-2026,AN,Yes
F002,02-04-2026,FN,Yes
F002,02-04-2026,AN,Yes
F002,03-04-2026,FN,Yes
F002,03-04-2026,AN,No
F002,04-04-2026,FN,No
F002,04-04-2026,AN,Yes
F002,05-04-2026,FN,No
F002,05-04-2026,AN,No
F002,06-04-2026,FN,No
F002,06-04-2026,AN,Yes
F002,07-04-2026,FN,Yes
F002,07-04-2026,AN,Yes
F002,08-04-2026,FN,No
F002,08-04-2026,AN,Yes
F002,09-04-2026,FN,No
F002,09-04-2026,AN,No
F002,10-04-2026,FN,Yes
F002,10-04-2026,AN,Yes
F003,01-04-2026,FN,No
F003,01-04-2026,AN,Yes
F003,02-04-2026,FN,Yes
F003,02-04-2026,AN,Yes
F003,03-04-2026,FN,No
F003,03-04-2026,AN,Yes
F003,04-04-2026,FN,No
F003,04-04-2026,AN,Yes
F003,05-04-2026,FN,Yes
F003,05-04-2026,AN,No
F003,06-04-2026,FN,Yes
F003,06-04-2026,AN,No
F003,07-04-2026,FN,Yes
F003,07-04-2026,AN,No
F003,08-04-2026,FN,No
F003,08-04-2026,AN,Yes
F003,09-04-2026,FN,Yes
F003,09-04-2026,AN,No
F003,10-04-2026,FN,No
F003,10-04-2026,AN,No
F004,01-04-2026,FN,No
F004,01-04-2026,AN,No
F004,02-04-2026,FN,No
F004,02-04-2026,AN,Yes
F004,03-04-2026,FN,Yes
F004,03-04-2026,AN,No
F004,04-04-2026,FN,No
F004,04-04-2026,AN,Yes
F004,05-04-2026,FN,Yes
F004,05-04-2026,AN,No
F004,06-04-2026,FN,No
F004,06-04-2026,AN,No
F004,07-04-2026,FN,No
F004,07-04-2026,AN,Yes
F004,08-04-2026,FN,No
F004,08-04-2026,AN,No
F004,09-04-2026,FN,No
F004,09-04-2026,AN,Yes
F004,10-04-2026,FN,No
F004,10-04-2026,AN,No
F005,01-04-2026,FN,Yes
F005,01-04-2026,AN,No
F005,02-04-2026,FN,Yes
F005,02-04-2026,AN,No
F005,03-04-2026,FN,Yes
F005,03-04-2026,AN,No
F005,04-04-2026,FN,No
F005,04-04-2026,AN,Yes
F005,05-04-2026,FN,Yes
F005,05-04-2026,AN,Yes
F005,06-04-2026,FN,Yes
F005,06-04-2026,AN,No
F005,07-04-2026,FN,Yes
F005,07-04-2026,AN,Yes
F005,08-04-2026,FN,Yes
F005,08-04-2026,AN,No
F005,09-04-2026,FN,No
F005,09-04-2026,AN,No
F005,10-04-2026,FN,Yes
F005,10-04-2026,AN,No
F006,01-04-2026,FN,No
F006,01-04-2026,AN,Yes
F006,02-04-2026,FN,Yes
F006,02-04-2026,AN,Yes
F006,03-04-2026,FN,Yes
F006,03-04-2026,AN,No
F006,04-04-2026,FN,Yes
F006,04-04-2026,AN,No
F006,05-04-2026,FN,Yes
F006,05-04-2026,AN,No
F006,06-04-2026,FN,Yes
F006,06-04-2026,AN,No
F006,07-04-2026,FN,Yes
F006,07-04-2026,AN,Yes
F006,08-04-2026,FN,Yes
F006,08-04-2026,AN,Yes
F006,09-04-2026,FN,No
F006,09-04-2026,AN,No
F006,10-04-2026,FN,No
F006,10-04-2026,AN,Yes
F007,01-04-2026,FN,No
F007,01-04-2026,AN,Yes
F007,02-04-2026,FN,Yes
F007,02-04-2026,AN,Yes
F007,03-04-2026,FN,No
F007,03-04-2026,AN,Yes
F007,04-04-2026,FN,No
F007,04-04-2026,AN,No
F007,05-04-2026,FN,Yes
F007,05-04-2026,AN,Yes
F007,06-04-2026,FN,Yes
F007,06-04-2026,AN,No
F007,07-04-2026,FN,No
F007,07-04-2026,AN,Yes
F007,08-04-2026,FN,Yes
F007,08-04-2026,AN,Yes
F007,09-04-2026,FN,No
F007,09-04-2026,AN,No
F007,10-04-2026,FN,No
F007,10-04-2026,AN,Yes
F008,01-04-2026,FN,Yes
F008,01-04-2026,AN,No
F008,02-04-2026,FN,No
F008,02-04-2026,AN,Yes
F008,03-04-2026,FN,Yes
F008,03-04-2026,AN,Yes
F008,04-04-2026,FN,No
F008,04-04-2026,AN,Yes
F008,05-04-2026,FN,No
F008,05-04-2026,AN,No
F008,06-04-2026,FN,Yes
F008,06-04-2026,AN,No
F008,07-04-2026,FN,No
F008,07-04-2026,AN,Yes
F008,08-04-2026,FN,No
F008,08-04-2026,AN,No
F008,09-04-2026,FN,Yes
F008,09-04-2026,AN,No
F008,10-04-2026,FN,No
F008,10-04-2026,AN,No
F009,01-04-2026,FN,No
F009,01-04-2026,AN,Yes
F009,02-04-2026,FN,Yes
F009,02-04-2026,AN,Yes
F009,03-04-2026,FN,No
F009,03-04-2026,AN,Yes
F009,04-04-2026,FN,No
F009,04-04-2026,AN,No
F009,05-04-2026,FN,No
F009,05-04-2026,AN,No
F009,06-04-2026,FN,No
F009,06-04-2026,AN,No
F009,07-04-2026,FN,No
F009,07-04-2026,AN,No
F009,08-04-2026,FN,No
F009,08-04-2026,AN,No
F009,09-04-2026,FN,Yes
F009,09-04-2026,AN,No
F009,10-04-2026,FN,Yes
F009,10-04-2026,AN,No
F010,01-04-2026,FN,No
F010,01-04-2026,AN,Yes
F010,02-04-2026,FN,Yes
F010,02-04-2026,AN,Yes
F010,03-04-2026,FN,Yes
F010,03-04-2026,AN,Yes
F010,04-04-2026,FN,No
F010,04-04-2026,AN,Yes
F010,05-04-2026,FN,No
F010,05-04-2026,AN,No
F010,06-04-2026,FN,No
F010,06-04-2026,AN,Yes
F010,07-04-2026,FN,No
F010,07-04-2026,AN,No
F010,08-04-2026,FN,Yes
F010,08-04-2026,AN,Yes
F010,09-04-2026,FN,No
F010,09-04-2026,AN,No
F010,10-04-2026,FN,No
F010,10-04-2026,AN,No
F011,01-04-2026,FN,No
F011,01-04-2026,AN,No
F011,02-04-2026,FN,No
F011,02-04-2026,AN,Yes
F011,03-04-2026,FN,Yes
F011,03-04-2026,AN,No
F011,04-04-2026,FN,Yes
F011,04-04-2026,AN,No
F011,05-04-2026,FN,No
F011,05-04-2026,AN,Yes
F011,06-04-2026,FN,No
F011,06-04-2026,AN,No
F011,07-04-2026,FN,Yes
F011,07-04-2026,AN,Yes
F011,08-04-2026,FN,No
F011,08-04-2026,AN,No
F011,09-04-2026,FN,No
F011,09-04-2026,AN,No
F011,10-04-2026,FN,Yes
F011,10-04-2026,AN,Yes
F012,01-04-2026,FN,Yes
F012,01-04-2026,AN,Yes
F012,02-04-2026,FN,Yes
F012,02-04-2026,AN,No
F012,03-04-2026,FN,Yes
F012,03-04-2026,AN,No
F012,04-04-2026,FN,Yes
F012,04-04-2026,AN,No
F012,05-04-2026,FN,Yes
F012,05-04-2026,AN,No
F012,06-04-2026,FN,Yes
F012,06-04-2026,AN,No
F012,07-04-2026,FN,Yes
F012,07-04-2026,AN,No
F012,08-04-2026,FN,No
F012,08-04-2026,AN,No
F012,09-04-2026,FN,No
F012,09-04-2026,AN,No
F012,10-04-2026,FN,Yes
F012,10-04-2026,AN,Yes
F013,01-04-2026,FN,No
F013,01-04-2026,AN,No
F013,02-04-2026,FN,Yes
F013,02-04-2026,AN,No
F013,03-04-2026,FN,Yes
F013,03-04-2026,AN,Yes
F013,04-04-2026,FN,No
F013,04-04-2026,AN,Yes
F013,05-04-2026,FN,No
F013,05-04-2026,AN,No
F013,06-04-2026,FN,Yes
F013,06-04-2026,AN,No
F013,07-04-2026,FN,No
F013,07-04-2026,AN,No
F013,08-04-2026,FN,Yes
F013,08-04-2026,AN,Yes
F013,09-04-2026,FN,Yes
F013,09-04-2026,AN,No
F013,10-04-2026,FN,Yes
F013,10-04-2026,AN,Yes
F014,01-04-2026,FN,No
F014,01-04-2026,AN,No
F014,02-04-2026,FN,Yes
F014,02-04-2026,AN,Yes
F014,03-04-2026,FN,No
F014,03-04-2026,AN,No
F014,04-04-2026,FN,No
F014,04-04-2026,AN,No
F014,05-04-2026,FN,Yes
F014,05-04-2026,AN,No
F014,06-04-2026,FN,No
F014,06-04-2026,AN,No
F014,07-04-2026,FN,Yes
F014,07-04-2026,AN,No
F014,08-04-2026,FN,No
F014,08-04-2026,AN,No
F014,09-04-2026,FN,Yes
F014,09-04-2026,AN,No
F014,10-04-2026,FN,No
F014,10-04-2026,AN,No
F015,01-04-2026,FN,Yes
F015,01-04-2026,AN,No
F015,02-04-2026,FN,No
F015,02-04-2026,AN,No
F015,03-04-2026,FN,No
F015,03-04-2026,AN,Yes
F015,04-04-2026,FN,No
F015,04-04-2026,AN,No
F015,05-04-2026,FN,Yes
F015,05-04-2026,AN,Yes
F015,06-04-2026,FN,Yes
F015,06-04-2026,AN,Yes
F015,07-04-2026,FN,Yes
F015,07-04-2026,AN,Yes
F015,08-04-2026,FN,No
F015,08-04-2026,AN,No
F015,09-04-2026,FN,No
F015,09-04-2026,AN,Yes
F015,10-04-2026,FN,No
F015,10-04-2026,AN,Yes
F016,01-04-2026,FN,Yes
F016,01-04-2026,AN,Yes
F016,02-04-2026,FN,Yes
F016,02-04-2026,AN,No
F016,03-04-2026,FN,No
F016,03-04-2026,AN,No
F016,04-04-2026,FN,Yes
F016,04-04-2026,AN,No
F016,05-04-2026,FN,Yes
F016,05-04-2026,AN,Yes
F016,06-04-2026,FN,Yes
F016,06-04-2026,AN,Yes
F016,07-04-2026,FN,Yes
F016,07-04-2026,AN,Yes
F016,08-04-2026,FN,Yes
F016,08-04-2026,AN,Yes
F016,09-04-2026,FN,No
F016,09-04-2026,AN,No
F016,10-04-2026,FN,Yes
F016,10-04-2026,AN,No
F017,01-04-2026,FN,No
F017,01-04-2026,AN,No
F017,02-04-2026,FN,Yes
F017,02-04-2026,AN,No
F017,03-04-2026,FN,No
F017,03-04-2026,AN,Yes
F017,04-04-2026,FN,No
F017,04-04-2026,AN,No
F017,05-04-2026,FN,Yes
F017,05-04-2026,AN,No
F017,06-04-2026,FN,No
F017,06-04-2026,AN,Yes
F017,07-04-2026,FN,No
F017,07-04-2026,AN,No
F017,08-04-2026,FN,No
F017,08-04-2026,AN,No
F017,09-04-2026,FN,Yes
F017,09-04-2026,AN,No
F017,10-04-2026,FN,Yes
F017,10-04-2026,AN,Yes
F018,01-04-2026,FN,Yes
F018,01-04-2026,AN,No
F018,02-04-2026,FN,No
F018,02-04-2026,AN,No
F018,03-04-2026,FN,Yes
F018,03-04-2026,AN,Yes
F018,04-04-2026,FN,Yes
F018,04-04-2026,AN,No
F018,05-04-2026,FN,Yes
F018,05-04-2026,AN,No
F018,06-04-2026,FN,No
F018,06-04-2026,AN,Yes
F018,07-04-2026,FN,No
F018,07-04-2026,AN,No
F018,08-04-2026,FN,No
F018,08-04-2026,AN,Yes
F018,09-04-2026,FN,No
F018,09-04-2026,AN,Yes
F018,10-04-2026,FN,Yes
F018,10-04-2026,AN,Yes
F019,01-04-2026,FN,Yes
F019,01-04-2026,AN,No
F019,02-04-2026,FN,Yes
F019,02-04-2026,AN,No
F019,03-04-2026,FN,No
F019,03-04-2026,AN,Yes
F019,04-04-2026,FN,No
F019,04-04-2026,AN,Yes
F019,05-04-2026,FN,No
F019,05-04-2026,AN,Yes
F019,06-04-2026,FN,Yes
F019,06-04-2026,AN,No
F019,07-04-2026,FN,Yes
F019,07-04-2026,AN,No
F019,08-04-2026,FN,Yes
F019,08-04-2026,AN,Yes
F019,09-04-2026,FN,Yes
F019,09-04-2026,AN,No
F019,10-04-2026,FN,Yes
F019,10-04-2026,AN,No
F020,01-04-2026,FN,Yes
F020,01-04-2026,AN,No
F020,02-04-2026,FN,Yes
F020,02-04-2026,AN,Yes
F020,03-04-2026,FN,Yes
F020,03-04-2026,AN,No
F020,04-04-2026,FN,Yes
F020,04-04-2026,AN,Yes
F020,05-04-2026,FN,Yes
F020,05-04-2026,AN,No
F020,06-04-2026,FN,Yes
F020,06-04-2026,AN,Yes
F020,07-04-2026,FN,Yes
F020,07-04-2026,AN,No
F020,08-04-2026,FN,Yes
F020,08-04-2026,AN,No
F020,09-04-2026,FN,No
F020,09-04-2026,AN,Yes
F020,10-04-2026,FN,Yes
F020,10-04-2026,AN,Yes
F021,01-04-2026,FN,No
F021,01-04-2026,AN,Yes
F021,02-04-2026,FN,Yes
F021,02-04-2026,AN,No
F021,03-04-2026,FN,Yes
F021,03-04-2026,AN,No
F021,04-04-2026,FN,No
F021,04-04-2026,AN,No
F021,05-04-2026,FN,No
F021,05-04-2026,AN,No
F021,06-04-2026,FN,No
F021,06-04-2026,AN,No
F021,07-04-2026,FN,Yes
F021,07-04-2026,AN,No
F021,08-04-2026,FN,No
F021,08-04-2026,AN,Yes
F021,09-04-2026,FN,No
F021,09-04-2026,AN,Yes
F021,10-04-2026,FN,Yes
F021,10-04-2026,AN,Yes
F022,01-04-2026,FN,Yes
F022,01-04-2026,AN,Yes
F022,02-04-2026,FN,Yes
F022,02-04-2026,AN,Yes
F022,03-04-2026,FN,Yes
F022,03-04-2026,AN,Yes
F022,04-04-2026,FN,No
F022,04-04-2026,AN,No
F022,05-04-2026,FN,Yes
F022,05-04-2026,AN,No
F022,06-04-2026,FN,Yes
F022,06-04-2026,AN,Yes
F022,07-04-2026,FN,Yes
F022,07-04-2026,AN,Yes
F022,08-04-2026,FN,Yes
F022,08-04-2026,AN,Yes
F022,09-04-2026,FN,No
F022,09-04-2026,AN,No
F022,10-04-2026,FN,Yes
F022,10-04-2026,AN,Yes
F023,01-04-2026,FN,No
F023,01-04-2026,AN,No
F023,02-04-2026,FN,No
F023,02-04-2026,AN,No
F023,03-04-2026,FN,Yes
F023,03-04-2026,AN,Yes
F023,04-04-2026,FN,Yes
F023,04-04-2026,AN,No
F023,05-04-2026,FN,Yes
F023,05-04-2026,AN,No
F023,06-04-2026,FN,Yes
F023,06-04-2026,AN,Yes
F023,07-04-2026,FN,Yes
F023,07-04-2026,AN,Yes
F023,08-04-2026,FN,Yes
F023,08-04-2026,AN,No
F023,09-04-2026,FN,No
F023,09-04-2026,AN,Yes
F023,10-04-2026,FN,Yes
F023,10-04-2026,AN,Yes
F024,01-04-2026,FN,Yes
F024,01-04-2026,AN,Yes
F024,02-04-2026,FN,No
F024,02-04-2026,AN,Yes
F024,03-04-2026,FN,Yes
F024,03-04-2026,AN,Yes
F024,04-04-2026,FN,No
F024,04-04-2026,AN,No
F024,05-04-2026,FN,No
F024,05-04-2026,AN,No
F024,06-04-2026,FN,Yes
F024,06-04-2026,AN,No
F024,07-04-2026,FN,Yes
F024,07-04-2026,AN,Yes
F024,08-04-2026,FN,Yes
F024,08-04-2026,AN,Yes
F024,09-04-2026,FN,No
F024,09-04-2026,AN,Yes
F024,10-04-2026,FN,Yes
F024,10-04-2026,AN,No
F025,01-04-2026,FN,Yes
F025,01-04-2026,AN,No
F025,02-04-2026,FN,No
F025,02-04-2026,AN,No
F025,03-04-2026,FN,No
F025,03-04-2026,AN,Yes
F025,04-04-2026,FN,No
F025,04-04-2026,AN,No
F025,05-04-2026,FN,Yes
F025,05-04-2026,AN,Yes
F025,06-04-2026,FN,No
F025,06-04-2026,AN,No
F025,07-04-2026,FN,No
F025,07-04-2026,AN,No
F025,08-04-2026,FN,No
F025,08-04-2026,AN,Yes
F025,09-04-2026,FN,No
F025,09-04-2026,AN,No
F025,10-04-2026,FN,Yes
F025,10-04-2026,AN,No
F026,01-04-2026,FN,Yes
F026,01-04-2026,AN,No
F026,02-04-2026,FN,No
F026,02-04-2026,AN,Yes
F026,03-04-2026,FN,Yes
F026,03-04-2026,AN,No
F026,04-04-2026,FN,Yes
F026,04-04-2026,AN,No
F026,05-04-2026,FN,No
F026,05-04-2026,AN,Yes
F026,06-04-2026,FN,No
F026,06-04-2026,AN,No
F026,07-04-2026,FN,Yes
F026,07-04-2026,AN,Yes
F026,08-04-2026,FN,Yes
F026,08-04-2026,AN,Yes
F026,09-04-2026,FN,Yes
F026,09-04-2026,AN,Yes
F026,10-04-2026,FN,Yes
F026,10-04-2026,AN,Yes
F027,01-04-2026,FN,No
F027,01-04-2026,AN,No
F027,02-04-2026,FN,No
F027,02-04-2026,AN,No
F027,03-04-2026,FN,No
F027,03-04-2026,AN,Yes
F027,04-04-2026,FN,Yes
F027,04-04-2026,AN,No
F027,05-04-2026,FN,No
F027,05-04-2026,AN,No
F027,06-04-2026,FN,Yes
F027,06-04-2026,AN,No
F027,07-04-2026,FN,Yes
F027,07-04-2026,AN,Yes
F027,08-04-2026,FN,No
F027,08-04-2026,AN,Yes
F027,09-04-2026,FN,Yes
F027,09-04-2026,AN,No
F027,10-04-2026,FN,Yes
F027,10-04-2026,AN,No
F028,01-04-2026,FN,Yes
F028,01-04-2026,AN,No
F028,02-04-2026,FN,No
F028,02-04-2026,AN,No
F028,03-04-2026,FN,Yes
F028,03-04-2026,AN,No
F028,04-04-2026,FN,No
F028,04-04-2026,AN,Yes
F028,05-04-2026,FN,Yes
F028,05-04-2026,AN,No
F028,06-04-2026,FN,No
F028,06-04-2026,AN,Yes
F028,07-04-2026,FN,Yes
F028,07-04-2026,AN,Yes
F028,08-04-2026,FN,No
F028,08-04-2026,AN,Yes
F028,09-04-2026,FN,No
F028,09-04-2026,AN,No
F028,10-04-2026,FN,Yes
F028,10-04-2026,AN,No
F029,01-04-2026,FN,Yes
F029,01-04-2026,AN,Yes
F029,02-04-2026,FN,No
F029,02-04-2026,AN,No
F029,03-04-2026,FN,Yes
F029,03-04-2026,AN,Yes
F029,04-04-2026,FN,No
F029,04-04-2026,AN,No
F029,05-04-2026,FN,No
F029,05-04-2026,AN,Yes
F029,06-04-2026,FN,No
F029,06-04-2026,AN,Yes
F029,07-04-2026,FN,Yes
F029,07-04-2026,AN,Yes
F029,08-04-2026,FN,Yes
F029,08-04-2026,AN,No
F029,09-04-2026,FN,No
F029,09-04-2026,AN,Yes
F029,10-04-2026,FN,Yes
F029,10-04-2026,AN,No
F030,01-04-2026,FN,No
F030,01-04-2026,AN,Yes
F030,02-04-2026,FN,Yes
F030,02-04-2026,AN,Yes
F030,03-04-2026,FN,Yes
F030,03-04-2026,AN,Yes
F030,04-04-2026,FN,No
F030,04-04-2026,AN,No
F030,05-04-2026,FN,No
F030,05-04-2026,AN,No
F030,06-04-2026,FN,Yes
F030,06-04-2026,AN,Yes
F030,07-04-2026,FN,No
F030,07-04-2026,AN,No
F030,08-04-2026,FN,Yes
F030,08-04-2026,AN,No
F030,09-04-2026,FN,No
F030,09-04-2026,AN,Yes
F030,10-04-2026,FN,No
F030,10-04-2026,AN,Yes
F031,01-04-2026,FN,Yes
F031,01-04-2026,AN,Yes
F031,02-04-2026,FN,Yes
F031,02-04-2026,AN,Yes
F031,03-04-2026,FN,No
F031,03-04-2026,AN,No
F031,04-04-2026,FN,Yes
F031,04-04-2026,AN,No
F031,05-04-2026,FN,No
F031,05-04-2026,AN,Yes
F031,06-04-2026,FN,No
F031,06-04-2026,AN,Yes
F031,07-04-2026,FN,No
F031,07-04-2026,AN,Yes
F031,08-04-2026,FN,No
F031,08-04-2026,AN,Yes
F031,09-04-2026,FN,Yes
F031,09-04-2026,AN,Yes
F031,10-04-2026,FN,No
F031,10-04-2026,AN,No
F032,01-04-2026,FN,Yes
F032,01-04-2026,AN,No
F032,02-04-2026,FN,No
F032,02-04-2026,AN,No
F032,03-04-2026,FN,No
F032,03-04-2026,AN,Yes
F032,04-04-2026,FN,Yes
F032,04-04-2026,AN,Yes
F032,05-04-2026,FN,Yes
F032,05-04-2026,AN,No
F032,06-04-2026,FN,No
F032,06-04-2026,AN,No
F032,07-04-2026,FN,Yes
F032,07-04-2026,AN,Yes
F032,08-04-2026,FN,No
F032,08-04-2026,AN,No
F032,09-04-2026,FN,No
F032,09-04-2026,AN,No
F032,10-04-2026,FN,Yes
F032,10-04-2026,AN,Yes
F033,01-04-2026,FN,Yes
F033,01-04-2026,AN,Yes
F033,02-04-2026,FN,Yes
F033,02-04-2026,AN,Yes
F033,03-04-2026,FN,Yes
F033,03-04-2026,AN,No
F033,04-04-2026,FN,Yes
F033,04-04-2026,AN,No
F033,05-04-2026,FN,Yes
F033,05-04-2026,AN,Yes
F033,06-04-2026,FN,Yes
F033,06-04-2026,AN,Yes
F033,07-04-2026,FN,Yes
F033,07-04-2026,AN,No
F033,08-04-2026,FN,No
F033,08-04-2026,AN,Yes
F033,09-04-2026,FN,Yes
F033,09-04-2026,AN,No
F033,10-04-2026,FN,Yes
F033,10-04-2026,AN,No
F034,01-04-2026,FN,Yes
F034,01-04-2026,AN,Yes
F034,02-04-2026,FN,No
F034,02-04-2026,AN,No
F034,03-04-2026,FN,No
F034,03-04-2026,AN,No
F034,04-04-2026,FN,Yes
F034,04-04-2026,AN,Yes
F034,05-04-2026,FN,Yes
F034,05-04-2026,AN,No
F034,06-04-2026,FN,No
F034,06-04-2026,AN,No
F034,07-04-2026,FN,No
F034,07-04-2026,AN,No
F034,08-04-2026,FN,Yes
F034,08-04-2026,AN,Yes
F034,09-04-2026,FN,No
F034,09-04-2026,AN,No
F034,10-04-2026,FN,Yes
F034,10-04-2026,AN,No
F035,01-04-2026,FN,Yes
F035,01-04-2026,AN,No
F035,02-04-2026,FN,Yes
F035,02-04-2026,AN,Yes
F035,03-04-2026,FN,No
F035,03-04-2026,AN,Yes
F035,04-04-2026,FN,No
F035,04-04-2026,AN,No
F035,05-04-2026,FN,No
F035,05-04-2026,AN,No
F035,06-04-2026,FN,No
F035,06-04-2026,AN,Yes
F035,07-04-2026,FN,Yes
F035,07-04-2026,AN,Yes
F035,08-04-2026,FN,Yes
F035,08-04-2026,AN,Yes
F035,09-04-2026,FN,No
F035,09-04-2026,AN,Yes
F035,10-04-2026,FN,No
F035,10-04-2026,AN,No
F036,01-04-2026,FN,Yes
F036,01-04-2026,AN,Yes
F036,02-04-2026,FN,No
F036,02-04-2026,AN,Yes
F036,03-04-2026,FN,Yes
F036,03-04-2026,AN,No
F036,04-04-2026,FN,No
F036,04-04-2026,AN,Yes
F036,05-04-2026,FN,No
F036,05-04-2026,AN,No
F036,06-04-2026,FN,No
F036,06-04-2026,AN,Yes
F036,07-04-2026,FN,Yes
F036,07-04-2026,AN,No
F036,08-04-2026,FN,Yes
F036,08-04-2026,AN,Yes
F036,09-04-2026,FN,Yes
F036,09-04-2026,AN,Yes
F036,10-04-2026,FN,No
F036,10-04-2026,AN,Yes
F037,01-04-2026,FN,No
F037,01-04-2026,AN,No
F037,02-04-2026,FN,No
F037,02-04-2026,AN,Yes
F037,03-04-2026,FN,No
F037,03-04-2026,AN,Yes
F037,04-04-2026,FN,No
F037,04-04-2026,AN,No
F037,05-04-2026,FN,No
F037,05-04-2026,AN,Yes
F037,06-04-2026,FN,No
F037,06-04-2026,AN,Yes
F037,07-04-2026,FN,Yes
F037,07-04-2026,AN,No
F037,08-04-2026,FN,Yes
F037,08-04-2026,AN,No
F037,09-04-2026,FN,Yes
F037,09-04-2026,AN,No
F037,10-04-2026,FN,Yes
F037,10-04-2026,AN,Yes
F038,01-04-2026,FN,No
F038,01-04-2026,AN,No
F038,02-04-2026,FN,No
F038,02-04-2026,AN,Yes
F038,03-04-2026,FN,No
F038,03-04-2026,AN,Yes
F038,04-04-2026,FN,Yes
F038,04-04-2026,AN,No
F038,05-04-2026,FN,No
F038,05-04-2026,AN,Yes
F038,06-04-2026,FN,No
F038,06-04-2026,AN,No
F038,07-04-2026,FN,Yes
F038,07-04-2026,AN,No
F038,08-04-2026,FN,No
F038,08-04-2026,AN,Yes
F038,09-04-2026,FN,Yes
F038,09-04-2026,AN,Yes
F038,10-04-2026,FN,No
F038,10-04-2026,AN,No
F039,01-04-2026,FN,No
F039,01-04-2026,AN,No
F039,02-04-2026,FN,No
F039,02-04-2026,AN,Yes
F039,03-04-2026,FN,No
F039,03-04-2026,AN,No
F039,04-04-2026,FN,Yes
F039,04-04-2026,AN,No
F039,05-04-2026,FN,No
F039,05-04-2026,AN,Yes
F039,06-04-2026,FN,Yes
F039,06-04-2026,AN,Yes
F039,07-04-2026,FN,Yes
F039,07-04-2026,AN,Yes
F039,08-04-2026,FN,Yes
F039,08-04-2026,AN,Yes
F039,09-04-2026,FN,No
F039,09-04-2026,AN,No
F039,10-04-2026,FN,No
F039,10-04-2026,AN,No
F040,01-04-2026,FN,Yes
F040,01-04-2026,AN,No
F040,02-04-2026,FN,Yes
F040,02-04-2026,AN,Yes
F040,03-04-2026,FN,Yes
F040,03-04-2026,AN,Yes
F040,04-04-2026,FN,No
F040,04-04-2026,AN,No
F040,05-04-2026,FN,No
F040,05-04-2026,AN,No
F040,06-04-2026,FN,No
F040,06-04-2026,AN,No
F040,07-04-2026,FN,Yes
F040,07-04-2026,AN,Yes
F040,08-04-2026,FN,Yes
F040,08-04-2026,AN,Yes
F040,09-04-2026,FN,No
F040,09-04-2026,AN,Yes
F040,10-04-2026,FN,Yes
F040,10-04-2026,AN,No
F041,01-04-2026,FN,Yes
F041,01-04-2026,AN,Yes
F041,02-04-2026,FN,Yes
F041,02-04-2026,AN,Yes
F041,03-04-2026,FN,Yes
F041,03-04-2026,AN,No
F041,04-04-2026,FN,No
F041,04-04-2026,AN,No
F041,05-04-2026,FN,Yes
F041,05-04-2026,AN,Yes
F041,06-04-2026,FN,Yes
F041,06-04-2026,AN,Yes
F041,07-04-2026,FN,Yes
F041,07-04-2026,AN,No
F041,08-04-2026,FN,Yes
F041,08-04-2026,AN,Yes
F041,09-04-2026,FN,No
F041,09-04-2026,AN,Yes
F041,10-04-2026,FN,No
F041,10-04-2026,AN,No
F042,01-04-2026,FN,Yes
F042,01-04-2026,AN,Yes
F042,02-04-2026,FN,Yes
F042,02-04-2026,AN,No
F042,03-04-2026,FN,Yes
F042,03-04-2026,AN,Yes
F042,04-04-2026,FN,No
F042,04-04-2026,AN,No
F042,05-04-2026,FN,Yes
F042,05-04-2026,AN,Yes
F042,06-04-2026,FN,No
F042,06-04-2026,AN,No
F042,07-04-2026,FN,No
F042,07-04-2026,AN,Yes
F042,08-04-2026,FN,Yes
F042,08-04-2026,AN,Yes
F042,09-04-2026,FN,No
F042,09-04-2026,AN,Yes
F042,10-04-2026,FN,No
F042,10-04-2026,AN,Yes
F043,01-04-2026,FN,No
F043,01-04-2026,AN,No
F043,02-04-2026,FN,No
F043,02-04-2026,AN,No
F043,03-04-2026,FN,No
F043,03-04-2026,AN,No
F043,04-04-2026,FN,No
F043,04-04-2026,AN,Yes
F043,05-04-2026,FN,Yes
F043,05-04-2026,AN,No
F043,06-04-2026,FN,No
F043,06-04-2026,AN,No
F043,07-04-2026,FN,No
F043,07-04-2026,AN,Yes
F043,08-04-2026,FN,No
F043,08-04-2026,AN,No
F043,09-04-2026,FN,No
F043,09-04-2026,AN,No
F043,10-04-2026,FN,Yes
F043,10-04-2026,AN,No
F044,01-04-2026,FN,No
F044,01-04-2026,AN,Yes
F044,02-04-2026,FN,No
F044,02-04-2026,AN,No
F044,03-04-2026,FN,No
F044,03-04-2026,AN,Yes
F044,04-04-2026,FN,No
F044,04-04-2026,AN,No
F044,05-04-2026,FN,Yes
F044,05-04-2026,AN,Yes
F044,06-04-2026,FN,Yes
F044,06-04-2026,AN,Yes
F044,07-04-2026,FN,Yes
F044,07-04-2026,AN,Yes
F044,08-04-2026,FN,No
F044,08-04-2026,AN,No
F044,09-04-2026,FN,Yes
F044,09-04-2026,AN,No
F044,10-04-2026,FN,No
F044,10-04-2026,AN,Yes
F045,01-04-2026,FN,No
F045,01-04-2026,AN,Yes
F045,02-04-2026,FN,Yes
F045,02-04-2026,AN,Yes
F045,03-04-2026,FN,No
F045,03-04-2026,AN,No
F045,04-04-2026,FN,Yes
F045,04-04-2026,AN,Yes
F045,05-04-2026,FN,Yes
F045,05-04-2026,AN,Yes
F045,06-04-2026,FN,No
F045,06-04-2026,AN,Yes
F045,07-04-2026,FN,Yes
F045,07-04-2026,AN,Yes
F045,08-04-2026,FN,No
F045,08-04-2026,AN,No
F045,09-04-2026,FN,Yes
F045,09-04-2026,AN,Yes
F045,10-04-2026,FN,No
F045,10-04-2026,AN,Yes
F046,01-04-2026,FN,No
F046,01-04-2026,AN,No
F046,02-04-2026,FN,No
F046,02-04-2026,AN,No
F046,03-04-2026,FN,Yes
F046,03-04-2026,AN,No
F046,04-04-2026,FN,Yes
F046,04-04-2026,AN,No
F046,05-04-2026,FN,Yes
F046,05-04-2026,AN,Yes
F046,06-04-2026,FN,Yes
F046,06-04-2026,AN,No
F046,07-04-2026,FN,Yes
F046,07-04-2026,AN,Yes
F046,08-04-2026,FN,Yes
F046,08-04-2026,AN,Yes
F046,09-04-2026,FN,Yes
F046,09-04-2026,AN,Yes
F046,10-04-2026,FN,Yes
F046,10-04-2026,AN,No
F047,01-04-2026,FN,Yes
F047,01-04-2026,AN,Yes
F047,02-04-2026,FN,No
F047,02-04-2026,AN,No
F047,03-04-2026,FN,No
F047,03-04-2026,AN,No
F047,04-04-2026,FN,Yes
F047,04-04-2026,AN,No
F047,05-04-2026,FN,Yes
F047,05-04-2026,AN,Yes
F047,06-04-2026,FN,Yes
F047,06-04-2026,AN,Yes
F047,07-04-2026,FN,No
F047,07-04-2026,AN,No
F047,08-04-2026,FN,Yes
F047,08-04-2026,AN,No
F047,09-04-2026,FN,Yes
F047,09-04-2026,AN,No
F047,10-04-2026,FN,No
F047,10-04-2026,AN,No
F048,01-04-2026,FN,Yes
F048,01-04-2026,AN,No
F048,02-04-2026,FN,Yes
F048,02-04-2026,AN,Yes
F048,03-04-2026,FN,Yes
F048,03-04-2026,AN,No
F048,04-04-2026,FN,Yes
F048,04-04-2026,AN,No
F048,05-04-2026,FN,Yes
F048,05-04-2026,AN,Yes
F048,06-04-2026,FN,Yes
F048,06-04-2026,AN,Yes
F048,07-04-2026,FN,Yes
F048,07-04-2026,AN,No
F048,08-04-2026,FN,Yes
F048,08-04-2026,AN,No
F048,09-04-2026,FN,No
F048,09-04-2026,AN,No
F048,10-04-2026,FN,No
F048,10-04-2026,AN,No
F049,01-04-2026,FN,No
F049,01-04-2026,AN,Yes
F049,02-04-2026,FN,No
F049,02-04-2026,AN,No
F049,03-04-2026,FN,Yes
F049,03-04-2026,AN,No
F049,04-04-2026,FN,Yes
F049,04-04-2026,AN,No
F049,05-04-2026,FN,Yes
F049,05-04-2026,AN,Yes
F049,06-04-2026,FN,No
F049,06-04-2026,AN,Yes
F049,07-04-2026,FN,No
F049,07-04-2026,AN,Yes
F049,08-04-2026,FN,Yes
F049,08-04-2026,AN,Yes
F049,09-04-2026,FN,No
F049,09-04-2026,AN,No
F049,10-04-2026,FN,No
F049,10-04-2026,AN,No
F050,01-04-2026,FN,No
F050,01-04-2026,AN,Yes
F050,02-04-2026,FN,Yes
F050,02-04-2026,AN,Yes
F050,03-04-2026,FN,Yes
F050,03-04-2026,AN,Yes
F050,04-04-2026,FN,No
F050,04-04-2026,AN,No
F050,05-04-2026,FN,Yes
F050,05-04-2026,AN,Yes
F050,06-04-2026,FN,Yes
F050,06-04-2026,AN,Yes
F050,07-04-2026,FN,Yes
F050,07-04-2026,AN,No
F050,08-04-2026,FN,No
F050,08-04-2026,AN,No
F050,09-04-2026,FN,Yes
F050,09-04-2026,AN,Yes
F050,10-04-2026,FN,Yes
F050,10-04-2026,AN,No
F051,01-04-2026,FN,No
F051,01-04-2026,AN,No
F051,02-04-2026,FN,Yes
F051,02-04-2026,AN,Yes
F051,03-04-2026,FN,No
F051,03-04-2026,AN,No
F051,04-04-2026,FN,Yes
F051,04-04-2026,AN,Yes
F051,05-04-2026,FN,Yes
F051,05-04-2026,AN,No
F051,06-04-2026,FN,No
F051,06-04-2026,AN,No
F051,07-04-2026,FN,Yes
F051,07-04-2026,AN,No
F051,08-04-2026,FN,No
F051,08-04-2026,AN,Yes
F051,09-04-2026,FN,No
F051,09-04-2026,AN,Yes
F051,10-04-2026,FN,No
F051,10-04-2026,AN,Yes
F052,01-04-2026,FN,Yes
F052,01-04-2026,AN,No
F052,02-04-2026,FN,No
F052,02-04-2026,AN,No
F052,03-04-2026,FN,Yes
F052,03-04-2026,AN,No
F052,04-04-2026,FN,Yes
F052,04-04-2026,AN,No
F052,05-04-2026,FN,No
F052,05-04-2026,AN,Yes
F052,06-04-2026,FN,No
F052,06-04-2026,AN,Yes
F052,07-04-2026,FN,No
F052,07-04-2026,AN,No
F052,08-04-2026,FN,Yes
F052,08-04-2026,AN,No
F052,09-04-2026,FN,No
F052,09-04-2026,AN,Yes
F052,10-04-2026,FN,No
F052,10-04-2026,AN,No
F053,01-04-2026,FN,No
F053,01-04-2026,AN,Yes
F053,02-04-2026,FN,Yes
F053,02-04-2026,AN,No
F053,03-04-2026,FN,Yes
F053,03-04-2026,AN,Yes
F053,04-04-2026,FN,No
F053,04-04-2026,AN,Yes
F053,05-04-2026,FN,Yes
F053,05-04-2026,AN,No
F053,06-04-2026,FN,Yes
F053,06-04-2026,AN,Yes
F053,07-04-2026,FN,No
F053,07-04-2026,AN,No
F053,08-04-2026,FN,No
F053,08-04-2026,AN,Yes
F053,09-04-2026,FN,No
F053,09-04-2026,AN,Yes
F053,10-04-2026,FN,Yes
F053,10-04-2026,AN,No
F054,01-04-2026,FN,Yes
F054,01-04-2026,AN,No
F054,02-04-2026,FN,No
F054,02-04-2026,AN,Yes
F054,03-04-2026,FN,Yes
F054,03-04-2026,AN,No
F054,04-04-2026,FN,No
F054,04-04-2026,AN,No
F054,05-04-2026,FN,No
F054,05-04-2026,AN,Yes
F054,06-04-2026,FN,Yes
F054,06-04-2026,AN,No
F054,07-04-2026,FN,No
F054,07-04-2026,AN,No
F054,08-04-2026,FN,No
F054,08-04-2026,AN,No
F054,09-04-2026,FN,No
F054,09-04-2026,AN,Yes
F054,10-04-2026,FN,Yes
F054,10-04-2026,AN,No
F055,01-04-2026,FN,No
F055,01-04-2026,AN,Yes
F055,02-04-2026,FN,No
F055,02-04-2026,AN,Yes
F055,03-04-2026,FN,No
F055,03-04-2026,AN,Yes
F055,04-04-2026,FN,No
F055,04-04-2026,AN,Yes
F055,05-04-2026,FN,No
F055,05-04-2026,AN,Yes
F055,06-04-2026,FN,No
F055,06-04-2026,AN,Yes
F055,07-04-2026,FN,Yes
F055,07-04-2026,AN,Yes
F055,08-04-2026,FN,No
F055,08-04-2026,AN,No
F055,09-04-2026,FN,No
F055,09-04-2026,AN,No
F055,10-04-2026,FN,Yes
F055,10-04-2026,AN,Yes
F056,01-04-2026,FN,No
F056,01-04-2026,AN,Yes
F056,02-04-2026,FN,No
F056,02-04-2026,AN,No
F056,03-04-2026,FN,Yes
F056,03-04-2026,AN,No
F056,04-04-2026,FN,No
F056,04-04-2026,AN,Yes
F056,05-04-2026,FN,Yes
F056,05-04-2026,AN,No
F056,06-04-2026,FN,No
F056,06-04-2026,AN,Yes
F056,07-04-2026,FN,Yes
F056,07-04-2026,AN,Yes
F056,08-04-2026,FN,No
F056,08-04-2026,AN,No
F056,09-04-2026,FN,No
F056,09-04-2026,AN,Yes
F056,10-04-2026,FN,Yes
F056,10-04-2026,AN,Yes
F057,01-04-2026,FN,No
F057,01-04-2026,AN,No
F057,02-04-2026,FN,No
F057,02-04-2026,AN,Yes
F057,03-04-2026,FN,Yes
F057,03-04-2026,AN,No
F057,04-04-2026,FN,No
F057,04-04-2026,AN,Yes
F057,05-04-2026,FN,Yes
F057,05-04-2026,AN,Yes
F057,06-04-2026,FN,No
F057,06-04-2026,AN,No
F057,07-04-2026,FN,Yes
F057,07-04-2026,AN,No
F057,08-04-2026,FN,Yes
F057,08-04-2026,AN,No
F057,09-04-2026,FN,No
F057,09-04-2026,AN,Yes
F057,10-04-2026,FN,No
F057,10-04-2026,AN,Yes
F058,01-04-2026,FN,No
F058,01-04-2026,AN,Yes
F058,02-04-2026,FN,No
F058,02-04-2026,AN,Yes
F058,03-04-2026,FN,Yes
F058,03-04-2026,AN,No
F058,04-04-2026,FN,No
F058,04-04-2026,AN,Yes
F058,05-04-2026,FN,No
F058,05-04-2026,AN,No
F058,06-04-2026,FN,Yes
F058,06-04-2026,AN,Yes
F058,07-04-2026,FN,Yes
F058,07-04-2026,AN,Yes
F058,08-04-2026,FN,No
F058,08-04-2026,AN,Yes
F058,09-04-2026,FN,Yes
F058,09-04-2026,AN,Yes
F058,10-04-2026,FN,No
F058,10-04-2026,AN,Yes
F059,01-04-2026,FN,Yes
F059,01-04-2026,AN,No
F059,02-04-2026,FN,No
F059,02-04-2026,AN,No
F059,03-04-2026,FN,Yes
F059,03-04-2026,AN,Yes
F059,04-04-2026,FN,No
F059,04-04-2026,AN,No
F059,05-04-2026,FN,No
F059,05-04-2026,AN,Yes
F059,06-04-2026,FN,Yes
F059,06-04-2026,AN,Yes
F059,07-04-2026,FN,Yes
F059,07-04-2026,AN,No
F059,08-04-2026,FN,Yes
F059,08-04-2026,AN,No
F059,09-04-2026,FN,Yes
F059,09-04-2026,AN,Yes
F059,10-04-2026,FN,Yes
F059,10-04-2026,AN,No
F060,01-04-2026,FN,No
F060,01-04-2026,AN,No
F060,02-04-2026,FN,No
F060,02-04-2026,AN,No
F060,03-04-2026,FN,Yes
F060,03-04-2026,AN,Yes
F060,04-04-2026,FN,No
F060,04-04-2026,AN,No
F060,05-04-2026,FN,Yes
F060,05-04-2026,AN,No
F060,06-04-2026,FN,No
F060,06-04-2026,AN,No
F060,07-04-2026,FN,No
F060,07-04-2026,AN,No
F060,08-04-2026,FN,Yes
F060,08-04-2026,AN,No
F060,09-04-2026,FN,Yes
F060,09-04-2026,AN,No
F060,10-04-2026,FN,No
F060,10-04-2026,AN,Yes
F061,01-04-2026,FN,Yes
F061,01-04-2026,AN,Yes
F061,02-04-2026,FN,No
F061,02-04-2026,AN,No
F061,03-04-2026,FN,Yes
F061,03-04-2026,AN,Yes
F061,04-04-2026,FN,Yes
F061,04-04-2026,AN,Yes
F061,05-04-2026,FN,Yes
F061,05-04-2026,AN,Yes
F061,06-04-2026,FN,Yes
F061,06-04-2026,AN,Yes
F061,07-04-2026,FN,No
F061,07-04-2026,AN,Yes
F061,08-04-2026,FN,Yes
F061,08-04-2026,AN,Yes
F061,09-04-2026,FN,No
F061,09-04-2026,AN,No
F061,10-04-2026,FN,Yes
F061,10-04-2026,AN,Yes
F062,01-04-2026,FN,No
F062,01-04-2026,AN,Yes
F062,02-04-2026,FN,Yes
F062,02-04-2026,AN,Yes
F062,03-04-2026,FN,No
F062,03-04-2026,AN,Yes
F062,04-04-2026,FN,No
F062,04-04-2026,AN,Yes
F062,05-04-2026,FN,No
F062,05-04-2026,AN,Yes
F062,06-04-2026,FN,No
F062,06-04-2026,AN,No
F062,07-04-2026,FN,Yes
F062,07-04-2026,AN,No
F062,08-04-2026,FN,No
F062,08-04-2026,AN,Yes
F062,09-04-2026,FN,No
F062,09-04-2026,AN,Yes
F062,10-04-2026,FN,Yes
F062,10-04-2026,AN,Yes
F063,01-04-2026,FN,Yes
F063,01-04-2026,AN,Yes
F063,02-04-2026,FN,No
F063,02-04-2026,AN,No
F063,03-04-2026,FN,No
F063,03-04-2026,AN,No
F063,04-04-2026,FN,Yes
F063,04-04-2026,AN,No
F063,05-04-2026,FN,Yes
F063,05-04-2026,AN,Yes
F063,06-04-2026,FN,Yes
F063,06-04-2026,AN,No
F063,07-04-2026,FN,Yes
F063,07-04-2026,AN,No
F063,08-04-2026,FN,No
F063,08-04-2026,AN,No
F063,09-04-2026,FN,Yes
F063,09-04-2026,AN,No
F063,10-04-2026,FN,Yes
F063,10-04-2026,AN,Yes
F064,01-04-2026,FN,No
F064,01-04-2026,AN,Yes
F064,02-04-2026,FN,Yes
F064,02-04-2026,AN,Yes
F064,03-04-2026,FN,No
F064,03-04-2026,AN,Yes
F064,04-04-2026,FN,Yes
F064,04-04-2026,AN,Yes
F064,05-04-2026,FN,No
F064,05-04-2026,AN,No
F064,06-04-2026,FN,No
F064,06-04-2026,AN,Yes
F064,07-04-2026,FN,Yes
F064,07-04-2026,AN,Yes
F064,08-04-2026,FN,No
F064,08-04-2026,AN,No
F064,09-04-2026,FN,No
F064,09-04-2026,AN,Yes
F064,10-04-2026,FN,Yes
F064,10-04-2026,AN,Yes
F065,01-04-2026,FN,Yes
F065,01-04-2026,AN,No
F065,02-04-2026,FN,No
F065,02-04-2026,AN,No
F065,03-04-2026,FN,No
F065,03-04-2026,AN,No
F065,04-04-2026,FN,Yes
F065,04-04-2026,AN,Yes
F065,05-04-2026,FN,No
F065,05-04-2026,AN,No
F065,06-04-2026,FN,No
F065,06-04-2026,AN,No
F065,07-04-2026,FN,Yes
F065,07-04-2026,AN,Yes
F065,08-04-2026,FN,Yes
F065,08-04-2026,AN,No
F065,09-04-2026,FN,No
F065,09-04-2026,AN,No
F065,10-04-2026,FN,Yes
F065,10-04-2026,AN,No
F066,01-04-2026,FN,No
F066,01-04-2026,AN,No
F066,02-04-2026,FN,No
F066,02-04-2026,AN,Yes
F066,03-04-2026,FN,No
F066,03-04-2026,AN,No
F066,04-04-2026,FN,No
F066,04-04-2026,AN,Yes
F066,05-04-2026,FN,Yes
F066,05-04-2026,AN,Yes
F066,06-04-2026,FN,Yes
F066,06-04-2026,AN,Yes
F066,07-04-2026,FN,Yes
F066,07-04-2026,AN,No
F066,08-04-2026,FN,Yes
F066,08-04-2026,AN,Yes
F066,09-04-2026,FN,No
F066,09-04-2026,AN,No
F066,10-04-2026,FN,Yes
F066,10-04-2026,AN,Yes
F067,01-04-2026,FN,No
F067,01-04-2026,AN,No
F067,02-04-2026,FN,No
F067,02-04-2026,AN,No
F067,03-04-2026,FN,Yes
F067,03-04-2026,AN,Yes
F067,04-04-2026,FN,No
F067,04-04-2026,AN,No
F067,05-04-2026,FN,Yes
F067,05-04-2026,AN,Yes
F067,06-04-2026,FN,No
F067,06-04-2026,AN,Yes
F067,07-04-2026,FN,No
F067,07-04-2026,AN,Yes
F067,08-04-2026,FN,No
F067,08-04-2026,AN,Yes
F067,09-04-2026,FN,No
F067,09-04-2026,AN,Yes
F067,10-04-2026,FN,Yes
F067,10-04-2026,AN,Yes
F068,01-04-2026,FN,Yes
F068,01-04-2026,AN,Yes
F068,02-04-2026,FN,No
F068,02-04-2026,AN,Yes
F068,03-04-2026,FN,No
F068,03-04-2026,AN,No
F068,04-04-2026,FN,Yes
F068,04-04-2026,AN,Yes
F068,05-04-2026,FN,Yes
F068,05-04-2026,AN,No
F068,06-04-2026,FN,No
F068,06-04-2026,AN,Yes
F068,07-04-2026,FN,Yes
F068,07-04-2026,AN,No
F068,08-04-2026,FN,No
F068,08-04-2026,AN,Yes
F068,09-04-2026,FN,Yes
F068,09-04-2026,AN,No
F068,10-04-2026,FN,Yes
F068,10-04-2026,AN,No
F069,01-04-2026,FN,No
F069,01-04-2026,AN,Yes
F069,02-04-2026,FN,No
F069,02-04-2026,AN,No
F069,03-04-2026,FN,No
F069,03-04-2026,AN,Yes
F069,04-04-2026,FN,Yes
F069,04-04-2026,AN,No
F069,05-04-2026,FN,Yes
F069,05-04-2026,AN,Yes
F069,06-04-2026,FN,Yes
F069,06-04-2026,AN,Yes
F069,07-04-2026,FN,Yes
F069,07-04-2026,AN,Yes
F069,08-04-2026,FN,No
F069,08-04-2026,AN,Yes
F069,09-04-2026,FN,No
F069,09-04-2026,AN,No
F069,10-04-2026,FN,Yes
F069,10-04-2026,AN,Yes
F070,01-04-2026,FN,Yes
F070,01-04-2026,AN,No
F070,02-04-2026,FN,Yes
F070,02-04-2026,AN,No
F070,03-04-2026,FN,No
F070,03-04-2026,AN,Yes
F070,04-04-2026,FN,Yes
F070,04-04-2026,AN,Yes
F070,05-04-2026,FN,No
F070,05-04-2026,AN,Yes
F070,06-04-2026,FN,No
F070,06-04-2026,AN,No
F070,07-04-2026,FN,Yes
F070,07-04-2026,AN,Yes
F070,08-04-2026,FN,No
F070,08-04-2026,AN,No
F070,09-04-2026,FN,No
F070,09-04-2026,AN,Yes
F070,10-04-2026,FN,No
F070,10-04-2026,AN,Yes
F071,01-04-2026,FN,No
F071,01-04-2026,AN,Yes
F071,02-04-2026,FN,No
F071,02-04-2026,AN,No
F071,03-04-2026,FN,Yes
F071,03-04-2026,AN,No
F071,04-04-2026,FN,No
F071,04-04-2026,AN,No
F071,05-04-2026,FN,No
F071,05-04-2026,AN,No
F071,06-04-2026,FN,No
F071,06-04-2026,AN,Yes
F071,07-04-2026,FN,No
F071,07-04-2026,AN,Yes
F071,08-04-2026,FN,No
F071,08-04-2026,AN,Yes
F071,09-04-2026,FN,No
F071,09-04-2026,AN,No
F071,10-04-2026,FN,No
F071,10-04-2026,AN,Yes
F072,01-04-2026,FN,Yes
F072,01-04-2026,AN,No
F072,02-04-2026,FN,No
F072,02-04-2026,AN,No
F072,03-04-2026,FN,No
F072,03-04-2026,AN,No
F072,04-04-2026,FN,Yes
F072,04-04-2026,AN,No
F072,05-04-2026,FN,Yes
F072,05-04-2026,AN,Yes
F072,06-04-2026,FN,No
F072,06-04-2026,AN,No
F072,07-04-2026,FN,No
F072,07-04-2026,AN,No
F072,08-04-2026,FN,Yes
F072,08-04-2026,AN,No
F072,09-04-2026,FN,No
F072,09-04-2026,AN,No
F072,10-04-2026,FN,No
F072,10-04-2026,AN,Yes
F073,01-04-2026,FN,Yes
F073,01-04-2026,AN,No
F073,02-04-2026,FN,Yes
F073,02-04-2026,AN,No
F073,03-04-2026,FN,No
F073,03-04-2026,AN,No
F073,04-04-2026,FN,No
F073,04-04-2026,AN,Yes
F073,05-04-2026,FN,Yes
F073,05-04-2026,AN,Yes
F073,06-04-2026,FN,No
F073,06-04-2026,AN,No
F073,07-04-2026,FN,Yes
F073,07-04-2026,AN,No
F073,08-04-2026,FN,Yes
F073,08-04-2026,AN,No
F073,09-04-2026,FN,Yes
F073,09-04-2026,AN,No
F073,10-04-2026,FN,No
F073,10-04-2026,AN,Yes
F074,01-04-2026,FN,No
F074,01-04-2026,AN,No
F074,02-04-2026,FN,No
F074,02-04-2026,AN,Yes
F074,03-04-2026,FN,No
F074,03-04-2026,AN,Yes
F074,04-04-2026,FN,Yes
F074,04-04-2026,AN,No
F074,05-04-2026,FN,Yes
F074,05-04-2026,AN,Yes
F074,06-04-2026,FN,Yes
F074,06-04-2026,AN,Yes
F074,07-04-2026,FN,Yes
F074,07-04-2026,AN,Yes
F074,08-04-2026,FN,Yes
F074,08-04-2026,AN,No
F074,09-04-2026,FN,No
F074,09-04-2026,AN,Yes
F074,10-04-2026,FN,Yes
F074,10-04-2026,AN,No
F075,01-04-2026,FN,Yes
F075,01-04-2026,AN,No
F075,02-04-2026,FN,Yes
F075,02-04-2026,AN,Yes
F075,03-04-2026,FN,Yes
F075,03-04-2026,AN,Yes
F075,04-04-2026,FN,No
F075,04-04-2026,AN,Yes
F075,05-04-2026,FN,No
F075,05-04-2026,AN,Yes
F075,06-04-2026,FN,No
F075,06-04-2026,AN,Yes
F075,07-04-2026,FN,No
F075,07-04-2026,AN,Yes
F075,08-04-2026,FN,Yes
F075,08-04-2026,AN,Yes
F075,09-04-2026,FN,Yes
F075,09-04-2026,AN,No
F075,10-04-2026,FN,Yes
F075,10-04-2026,AN,Yes
F076,01-04-2026,FN,Yes
F076,01-04-2026,AN,Yes
F076,02-04-2026,FN,Yes
F076,02-04-2026,AN,Yes
F076,03-04-2026,FN,Yes
F076,03-04-2026,AN,Yes
F076,04-04-2026,FN,Yes
F076,04-04-2026,AN,No
F076,05-04-2026,FN,Yes
F076,05-04-2026,AN,Yes
F076,06-04-2026,FN,No
F076,06-04-2026,AN,Yes
F076,07-04-2026,FN,No
F076,07-04-2026,AN,No
F076,08-04-2026,FN,No
F076,08-04-2026,AN,Yes
F076,09-04-2026,FN,No
F076,09-04-2026,AN,No
F076,10-04-2026,FN,Yes
F076,10-04-2026,AN,Yes
F077,01-04-2026,FN,Yes
F077,01-04-2026,AN,No
F077,02-04-2026,FN,No
F077,02-04-2026,AN,No
F077,03-04-2026,FN,No
F077,03-04-2026,AN,Yes
F077,04-04-2026,FN,Yes
F077,04-04-2026,AN,Yes
F077,05-04-2026,FN,No
F077,05-04-2026,AN,Yes
F077,06-04-2026,FN,Yes
F077,06-04-2026,AN,No
F077,07-04-2026,FN,Yes
F077,07-04-2026,AN,Yes
F077,08-04-2026,FN,No
F077,08-04-2026,AN,Yes
F077,09-04-2026,FN,No
F077,09-04-2026,AN,No
F077,10-04-2026,FN,No
F077,10-04-2026,AN,No
F078,01-04-2026,FN,No
F078,01-04-2026,AN,No
F078,02-04-2026,FN,No
F078,02-04-2026,AN,Yes
F078,03-04-2026,FN,No
F078,03-04-2026,AN,Yes
F078,04-04-2026,FN,No
F078,04-04-2026,AN,Yes
F078,05-04-2026,FN,Yes
F078,05-04-2026,AN,Yes
F078,06-04-2026,FN,No
F078,06-04-2026,AN,Yes
F078,07-04-2026,FN,Yes
F078,07-04-2026,AN,Yes
F078,08-04-2026,FN,Yes
F078,08-04-2026,AN,No
F078,09-04-2026,FN,No
F078,09-04-2026,AN,No
F078,10-04-2026,FN,No
F078,10-04-2026,AN,Yes
F079,01-04-2026,FN,Yes
F079,01-04-2026,AN,Yes
F079,02-04-2026,FN,Yes
F079,02-04-2026,AN,No
F079,03-04-2026,FN,No
F079,03-04-2026,AN,Yes
F079,04-04-2026,FN,No
F079,04-04-2026,AN,No
F079,05-04-2026,FN,Yes
F079,05-04-2026,AN,No
F079,06-04-2026,FN,Yes
F079,06-04-2026,AN,Yes
F079,07-04-2026,FN,Yes
F079,07-04-2026,AN,No
F079,08-04-2026,FN,No
F079,08-04-2026,AN,Yes
F079,09-04-2026,FN,No
F079,09-04-2026,AN,Yes
F079,10-04-2026,FN,Yes
F079,10-04-2026,AN,No
F080,01-04-2026,FN,No
F080,01-04-2026,AN,No
F080,02-04-2026,FN,No
F080,02-04-2026,AN,No
F080,03-04-2026,FN,No
F080,03-04-2026,AN,Yes
F080,04-04-2026,FN,No
F080,04-04-2026,AN,No
F080,05-04-2026,FN,No
F080,05-04-2026,AN,Yes
F080,06-04-2026,FN,No
F080,06-04-2026,AN,Yes
F080,07-04-2026,FN,Yes
F080,07-04-2026,AN,No
F080,08-04-2026,FN,Yes
F080,08-04-2026,AN,No
F080,09-04-2026,FN,No
F080,09-04-2026,AN,Yes
F080,10-04-2026,FN,No
F080,10-04-2026,AN,Yes
F081,01-04-2026,FN,No
F081,01-04-2026,AN,Yes
F081,02-04-2026,FN,Yes
F081,02-04-2026,AN,Yes
F081,03-04-2026,FN,Yes
F081,03-04-2026,AN,No
F081,04-04-2026,FN,No
F081,04-04-2026,AN,Yes
F081,05-04-2026,FN,Yes
F081,05-04-2026,AN,No
F081,06-04-2026,FN,No
F081,06-04-2026,AN,Yes
F081,07-04-2026,FN,No
F081,07-04-2026,AN,Yes
F081,08-04-2026,FN,Yes
F081,08-04-2026,AN,Yes
F081,09-04-2026,FN,Yes
F081,09-04-2026,AN,Yes
F081,10-04-2026,FN,Yes
F081,10-04-2026,AN,No
F082,01-04-2026,FN,No
F082,01-04-2026,AN,Yes
F082,02-04-2026,FN,Yes
F082,02-04-2026,AN,Yes
F082,03-04-2026,FN,Yes
F082,03-04-2026,AN,Yes
F082,04-04-2026,FN,Yes
F082,04-04-2026,AN,No
F082,05-04-2026,FN,No
F082,05-04-2026,AN,Yes
F082,06-04-2026,FN,No
F082,06-04-2026,AN,No
F082,07-04-2026,FN,Yes
F082,07-04-2026,AN,Yes
F082,08-04-2026,FN,Yes
F082,08-04-2026,AN,Yes
F082,09-04-2026,FN,No
F082,09-04-2026,AN,Yes
F082,10-04-2026,FN,Yes
F082,10-04-2026,AN,No
F083,01-04-2026,FN,Yes
F083,01-04-2026,AN,No
F083,02-04-2026,FN,No
F083,02-04-2026,AN,No
F083,03-04-2026,FN,Yes
F083,03-04-2026,AN,Yes
F083,04-04-2026,FN,No
F083,04-04-2026,AN,Yes
F083,05-04-2026,FN,No
F083,05-04-2026,AN,No
F083,06-04-2026,FN,Yes
F083,06-04-2026,AN,No
F083,07-04-2026,FN,No
F083,07-04-2026,AN,Yes
F083,08-04-2026,FN,Yes
F083,08-04-2026,AN,No
F083,09-04-2026,FN,No
F083,09-04-2026,AN,Yes
F083,10-04-2026,FN,No
F083,10-04-2026,AN,Yes
F084,01-04-2026,FN,Yes
F084,01-04-2026,AN,No
F084,02-04-2026,FN,Yes
F084,02-04-2026,AN,No
F084,03-04-2026,FN,No
F084,03-04-2026,AN,No
F084,04-04-2026,FN,No
F084,04-04-2026,AN,No
F084,05-04-2026,FN,Yes
F084,05-04-2026,AN,Yes
F084,06-04-2026,FN,Yes
F084,06-04-2026,AN,Yes
F084,07-04-2026,FN,Yes
F084,07-04-2026,AN,No
F084,08-04-2026,FN,No
F084,08-04-2026,AN,No
F084,09-04-2026,FN,Yes
F084,09-04-2026,AN,No
F084,10-04-2026,FN,No
F084,10-04-2026,AN,No
F085,01-04-2026,FN,No
F085,01-04-2026,AN,Yes
F085,02-04-2026,FN,No
F085,02-04-2026,AN,Yes
F085,03-04-2026,FN,Yes
F085,03-04-2026,AN,Yes
F085,04-04-2026,FN,Yes
F085,04-04-2026,AN,Yes
F085,05-04-2026,FN,Yes
F085,05-04-2026,AN,Yes
F085,06-04-2026,FN,No
F085,06-04-2026,AN,No
F085,07-04-2026,FN,Yes
F085,07-04-2026,AN,Yes
F085,08-04-2026,FN,Yes
F085,08-04-2026,AN,Yes
F085,09-04-2026,FN,Yes
F085,09-04-2026,AN,No
F085,10-04-2026,FN,Yes
F085,10-04-2026,AN,No
F086,01-04-2026,FN,Yes
F086,01-04-2026,AN,No
F086,02-04-2026,FN,No
F086,02-04-2026,AN,No
F086,03-04-2026,FN,No
F086,03-04-2026,AN,No
F086,04-04-2026,FN,No
F086,04-04-2026,AN,Yes
F086,05-04-2026,FN,No
F086,05-04-2026,AN,Yes
F086,06-04-2026,FN,Yes
F086,06-04-2026,AN,Yes
F086,07-04-2026,FN,Yes
F086,07-04-2026,AN,Yes
F086,08-04-2026,FN,No
F086,08-04-2026,AN,No
F086,09-04-2026,FN,Yes
F086,09-04-2026,AN,No
F086,10-04-2026,FN,No
F086,10-04-2026,AN,No
F087,01-04-2026,FN,No
F087,01-04-2026,AN,Yes
F087,02-04-2026,FN,Yes
F087,02-04-2026,AN,No
F087,03-04-2026,FN,Yes
F087,03-04-2026,AN,Yes
F087,04-04-2026,FN,Yes
F087,04-04-2026,AN,No
F087,05-04-2026,FN,Yes
F087,05-04-2026,AN,Yes
F087,06-04-2026,FN,Yes
F087,06-04-2026,AN,No
F087,07-04-2026,FN,Yes
F087,07-04-2026,AN,No
F087,08-04-2026,FN,No
F087,08-04-2026,AN,Yes
F087,09-04-2026,FN,No
F087,09-04-2026,AN,Yes
F087,10-04-2026,FN,Yes
F087,10-04-2026,AN,No
F088,01-04-2026,FN,No
F088,01-04-2026,AN,Yes
F088,02-04-2026,FN,No
F088,02-04-2026,AN,Yes
F088,03-04-2026,FN,No
F088,03-04-2026,AN,No
F088,04-04-2026,FN,No
F088,04-04-2026,AN,No
F088,05-04-2026,FN,No
F088,05-04-2026,AN,No
F088,06-04-2026,FN,Yes
F088,06-04-2026,AN,No
F088,07-04-2026,FN,Yes
F088,07-04-2026,AN,Yes
F088,08-04-2026,FN,Yes
F088,08-04-2026,AN,Yes
F088,09-04-2026,FN,Yes
F088,09-04-2026,AN,No
F088,10-04-2026,FN,Yes
F088,10-04-2026,AN,Yes
F089,01-04-2026,FN,Yes
F089,01-04-2026,AN,Yes
F089,02-04-2026,FN,Yes
F089,02-04-2026,AN,No
F089,03-04-2026,FN,No
F089,03-04-2026,AN,Yes
F089,04-04-2026,FN,No
F089,04-04-2026,AN,Yes
F089,05-04-2026,FN,Yes
F089,05-04-2026,AN,Yes
F089,06-04-2026,FN,Yes
F089,06-04-2026,AN,No
F089,07-04-2026,FN,Yes
F089,07-04-2026,AN,Yes
F089,08-04-2026,FN,Yes
F089,08-04-2026,AN,No
F089,09-04-2026,FN,No
F089,09-04-2026,AN,Yes
F089,10-04-2026,FN,No
F089,10-04-2026,AN,No
F090,01-04-2026,FN,Yes
F090,01-04-2026,AN,No
F090,02-04-2026,FN,Yes
F090,02-04-2026,AN,Yes
F090,03-04-2026,FN,No
F090,03-04-2026,AN,Yes
F090,04-04-2026,FN,Yes
F090,04-04-2026,AN,No
F090,05-04-2026,FN,No
F090,05-04-2026,AN,Yes
F090,06-04-2026,FN,No
F090,06-04-2026,AN,No
F090,07-04-2026,FN,No
F090,07-04-2026,AN,Yes
F090,08-04-2026,FN,No
F090,08-04-2026,AN,No
F090,09-04-2026,FN,Yes
F090,09-04-2026,AN,No
F090,10-04-2026,FN,No
F090,10-04-2026,AN,Yes
F091,01-04-2026,FN,Yes
F091,01-04-2026,AN,Yes
F091,02-04-2026,FN,No
F091,02-04-2026,AN,No
F091,03-04-2026,FN,No
F091,03-04-2026,AN,Yes
F091,04-04-2026,FN,No
F091,04-04-2026,AN,No
F091,05-04-2026,FN,No
F091,05-04-2026,AN,Yes
F091,06-04-2026,FN,No
F091,06-04-2026,AN,No
F091,07-04-2026,FN,Yes
F091,07-04-2026,AN,Yes
F091,08-04-2026,FN,Yes
F091,08-04-2026,AN,Yes
F091,09-04-2026,FN,Yes
F091,09-04-2026,AN,No
F091,10-04-2026,FN,No
F091,10-04-2026,AN,No
F092,01-04-2026,FN,No
F092,01-04-2026,AN,Yes
F092,02-04-2026,FN,Yes
F092,02-04-2026,AN,Yes
F092,03-04-2026,FN,Yes
F092,03-04-2026,AN,Yes
F092,04-04-2026,FN,Yes
F092,04-04-2026,AN,Yes
F092,05-04-2026,FN,No
F092,05-04-2026,AN,Yes
F092,06-04-2026,FN,No
F092,06-04-2026,AN,Yes
F092,07-04-2026,FN,No
F092,07-04-2026,AN,Yes
F092,08-04-2026,FN,No
F092,08-04-2026,AN,No
F092,09-04-2026,FN,No
F092,09-04-2026,AN,No
F092,10-04-2026,FN,Yes
F092,10-04-2026,AN,No
F093,01-04-2026,FN,Yes
F093,01-04-2026,AN,No
F093,02-04-2026,FN,No
F093,02-04-2026,AN,No
F093,03-04-2026,FN,Yes
F093,03-04-2026,AN,No
F093,04-04-2026,FN,No
F093,04-04-2026,AN,No
F093,05-04-2026,FN,No
F093,05-04-2026,AN,Yes
F093,06-04-2026,FN,Yes
F093,06-04-2026,AN,No
F093,07-04-2026,FN,No
F093,07-04-2026,AN,Yes
F093,08-04-2026,FN,No
F093,08-04-2026,AN,Yes
F093,09-04-2026,FN,Yes
F093,09-04-2026,AN,Yes
F093,10-04-2026,FN,Yes
F093,10-04-2026,AN,No
F094,01-04-2026,FN,Yes
F094,01-04-2026,AN,Yes
F094,02-04-2026,FN,No
F094,02-04-2026,AN,No
F094,03-04-2026,FN,No
F094,03-04-2026,AN,Yes
F094,04-04-2026,FN,No
F094,04-04-2026,AN,No
F094,05-04-2026,FN,Yes
F094,05-04-2026,AN,Yes
F094,06-04-2026,FN,No
F094,06-04-2026,AN,Yes
F094,07-04-2026,FN,No
F094,07-04-2026,AN,Yes
F094,08-04-2026,FN,Yes
F094,08-04-2026,AN,No
F094,09-04-2026,FN,No
F094,09-04-2026,AN,Yes
F094,10-04-2026,FN,Yes
F094,10-04-2026,AN,Yes
F095,01-04-2026,FN,Yes
F095,01-04-2026,AN,No
F095,02-04-2026,FN,No
F095,02-04-2026,AN,Yes
F095,03-04-2026,FN,Yes
F095,03-04-2026,AN,No
F095,04-04-2026,FN,Yes
F095,04-04-2026,AN,No
F095,05-04-2026,FN,Yes
F095,05-04-2026,AN,Yes
F095,06-04-2026,FN,Yes
F095,06-04-2026,AN,No
F095,07-04-2026,FN,Yes
F095,07-04-2026,AN,Yes
F095,08-04-2026,FN,Yes
F095,08-04-2026,AN,No
F095,09-04-2026,FN,Yes
F095,09-04-2026,AN,Yes
F095,10-04-2026,FN,No
F095,10-04-2026,AN,No
F096,01-04-2026,FN,Yes
F096,01-04-2026,AN,Yes
F096,02-04-2026,FN,No
F096,02-04-2026,AN,No
F096,03-04-2026,FN,No
F096,03-04-2026,AN,Yes
F096,04-04-2026,FN,No
F096,04-04-2026,AN,Yes
F096,05-04-2026,FN,Yes
F096,05-04-2026,AN,Yes
F096,06-04-2026,FN,No
F096,06-04-2026,AN,No
F096,07-04-2026,FN,No
F096,07-04-2026,AN,No
F096,08-04-2026,FN,No
F096,08-04-2026,AN,Yes
F096,09-04-2026,FN,No
F096,09-04-2026,AN,No
F096,10-04-2026,FN,Yes
F096,10-04-2026,AN,Yes
F097,01-04-2026,FN,Yes
F097,01-04-2026,AN,No
F097,02-04-2026,FN,No
F097,02-04-2026,AN,No
F097,03-04-2026,FN,No
F097,03-04-2026,AN,No
F097,04-04-2026,FN,Yes
F097,04-04-2026,AN,No
F097,05-04-2026,FN,Yes
F097,05-04-2026,AN,No
F097,06-04-2026,FN,No
F097,06-04-2026,AN,No
F097,07-04-2026,FN,No
F097,07-04-2026,AN,Yes
F097,08-04-2026,FN,No
F097,08-04-2026,AN,No
F097,09-04-2026,FN,No
F097,09-04-2026,AN,Yes
F097,10-04-2026,FN,No
F097,10-04-2026,AN,Yes
F098,01-04-2026,FN,Yes
F098,01-04-2026,AN,Yes
F098,02-04-2026,FN,No
F098,02-04-2026,AN,No
F098,03-04-2026,FN,No
F098,03-04-2026,AN,No
F098,04-04-2026,FN,No
F098,04-04-2026,AN,Yes
F098,05-04-2026,FN,No
F098,05-04-2026,AN,Yes
F098,06-04-2026,FN,No
F098,06-04-2026,AN,Yes
F098,07-04-2026,FN,Yes
F098,07-04-2026,AN,No
F098,08-04-2026,FN,No
F098,08-04-2026,AN,No
F098,09-04-2026,FN,Yes
F098,09-04-2026,AN,No
F098,10-04-2026,FN,No
F098,10-04-2026,AN,Yes
F099,01-04-2026,FN,No
F099,01-04-2026,AN,Yes
F099,02-04-2026,FN,No
F099,02-04-2026,AN,Yes
F099,03-04-2026,FN,No
F099,03-04-2026,AN,Yes
F099,04-04-2026,FN,Yes
F099,04-04-2026,AN,Yes
F099,05-04-2026,FN,No
F099,05-04-2026,AN,No
F099,06-04-2026,FN,No
F099,06-04-2026,AN,Yes
F099,07-04-2026,FN,No
F099,07-04-2026,AN,Yes
F099,08-04-2026,FN,No
F099,08-04-2026,AN,Yes
F099,09-04-2026,FN,No
F099,09-04-2026,AN,No
F099,10-04-2026,FN,Yes
F099,10-04-2026,AN,No
F100,01-04-2026,FN,No
F100,01-04-2026,AN,No
F100,02-04-2026,FN,No
F100,02-04-2026,AN,Yes
F100,03-04-2026,FN,No
F100,03-04-2026,AN,Yes
F100,04-04-2026,FN,No
F100,04-04-2026,AN,Yes
F100,05-04-2026,FN,No
F100,05-04-2026,AN,Yes
F100,06-04-2026,FN,Yes
F100,06-04-2026,AN,No
F100,07-04-2026,FN,No
F100,07-04-2026,AN,No
F100,08-04-2026,FN,No
F100,08-04-2026,AN,Yes
F100,09-04-2026,FN,No
F100,09-04-2026,AN,Yes
F100,10-04-2026,FN,No
F100,10-04-2026,AN,Yes
F101,01-04-2026,FN,No
F101,01-04-2026,AN,No
F101,02-04-2026,FN,No
F101,02-04-2026,AN,No
F101,03-04-2026,FN,No
F101,03-04-2026,AN,No
F101,04-04-2026,FN,No
F101,04-04-2026,AN,No
F101,05-04-2026,FN,No
F101,05-04-2026,AN,No
F101,06-04-2026,FN,No
F101,06-04-2026,AN,No
F101,07-04-2026,FN,Yes
F101,07-04-2026,AN,No
F101,08-04-2026,FN,No
F101,08-04-2026,AN,No
F101,09-04-2026,FN,No
F101,09-04-2026,AN,Yes
F101,10-04-2026,FN,No
F101,10-04-2026,AN,No
F102,01-04-2026,FN,No
F102,01-04-2026,AN,Yes
F102,02-04-2026,FN,No
F102,02-04-2026,AN,Yes
F102,03-04-2026,FN,Yes
F102,03-04-2026,AN,Yes
F102,04-04-2026,FN,No
F102,04-04-2026,AN,No
F102,05-04-2026,FN,No
F102,05-04-2026,AN,Yes
F102,06-04-2026,FN,Yes
F102,06-04-2026,AN,No
F102,07-04-2026,FN,No
F102,07-04-2026,AN,No
F102,08-04-2026,FN,No
F102,08-04-2026,AN,No
F102,09-04-2026,FN,No
F102,09-04-2026,AN,No
F102,10-04-2026,FN,Yes
F102,10-04-2026,AN,No
F103,01-04-2026,FN,No
F103,01-04-2026,AN,Yes
F103,02-04-2026,FN,No
F103,02-04-2026,AN,Yes
F103,03-04-2026,FN,Yes
F103,03-04-2026,AN,No
F103,04-04-2026,FN,Yes
F103,04-04-2026,AN,Yes
F103,05-04-2026,FN,No
F103,05-04-2026,AN,No
F103,06-04-2026,FN,Yes
F103,06-04-2026,AN,No
F103,07-04-2026,FN,No
F103,07-04-2026,AN,Yes
F103,08-04-2026,FN,No
F103,08-04-2026,AN,No
F103,09-04-2026,FN,Yes
F103,09-04-2026,AN,No
F103,10-04-2026,FN,Yes
F103,10-04-2026,AN,Yes
F104,01-04-2026,FN,No
F104,01-04-2026,AN,Yes
F104,02-04-2026,FN,No
F104,02-04-2026,AN,Yes
F104,03-04-2026,FN,Yes
F104,03-04-2026,AN,Yes
F104,04-04-2026,FN,No
F104,04-04-2026,AN,No
F104,05-04-2026,FN,Yes
F104,05-04-2026,AN,Yes
F104,06-04-2026,FN,Yes
F104,06-04-2026,AN,No
F104,07-04-2026,FN,Yes
F104,07-04-2026,AN,No
F104,08-04-2026,FN,Yes
F104,08-04-2026,AN,Yes
F104,09-04-2026,FN,No
F104,09-04-2026,AN,Yes
F104,10-04-2026,FN,Yes
F104,10-04-2026,AN,Yes
F105,01-04-2026,FN,No
F105,01-04-2026,AN,No
F105,02-04-2026,FN,Yes
F105,02-04-2026,AN,No
F105,03-04-2026,FN,No
F105,03-04-2026,AN,Yes
F105,04-04-2026,FN,No
F105,04-04-2026,AN,No
F105,05-04-2026,FN,Yes
F105,05-04-2026,AN,No
F105,06-04-2026,FN,Yes
F105,06-04-2026,AN,Yes
F105,07-04-2026,FN,No
F105,07-04-2026,AN,Yes
F105,08-04-2026,FN,Yes
F105,08-04-2026,AN,Yes
F105,09-04-2026,FN,Yes
F105,09-04-2026,AN,No
F105,10-04-2026,FN,No
F105,10-04-2026,AN,Yes
F106,01-04-2026,FN,No
F106,01-04-2026,AN,No
F106,02-04-2026,FN,No
F106,02-04-2026,AN,Yes
F106,03-04-2026,FN,Yes
F106,03-04-2026,AN,Yes
F106,04-04-2026,FN,No
F106,04-04-2026,AN,Yes
F106,05-04-2026,FN,Yes
F106,05-04-2026,AN,No
F106,06-04-2026,FN,No
F106,06-04-2026,AN,No
F106,07-04-2026,FN,No
F106,07-04-2026,AN,No
F106,08-04-2026,FN,Yes
F106,08-04-2026,AN,Yes
F106,09-04-2026,FN,Yes
F106,09-04-2026,AN,No
F106,10-04-2026,FN,No
F106,10-04-2026,AN,Yes
F107,01-04-2026,FN,Yes
F107,01-04-2026,AN,Yes
F107,02-04-2026,FN,Yes
F107,02-04-2026,AN,Yes
F107,03-04-2026,FN,No
F107,03-04-2026,AN,No
F107,04-04-2026,FN,No
F107,04-04-2026,AN,Yes
F107,05-04-2026,FN,Yes
F107,05-04-2026,AN,No
F107,06-04-2026,FN,No
F107,06-04-2026,AN,Yes
F107,07-04-2026,FN,No
F107,07-04-2026,AN,No
F107,08-04-2026,FN,No
F107,08-04-2026,AN,Yes
F107,09-04-2026,FN,Yes
F107,09-04-2026,AN,No
F107,10-04-2026,FN,No
F107,10-04-2026,AN,No
F108,01-04-2026,FN,Yes
F108,01-04-2026,AN,No
F108,02-04-2026,FN,Yes
F108,02-04-2026,AN,Yes
F108,03-04-2026,FN,Yes
F108,03-04-2026,AN,No
F108,04-04-2026,FN,Yes
F108,04-04-2026,AN,No
F108,05-04-2026,FN,Yes
F108,05-04-2026,AN,No
F108,06-04-2026,FN,No
F108,06-04-2026,AN,Yes
F108,07-04-2026,FN,Yes
F108,07-04-2026,AN,No
F108,08-04-2026,FN,Yes
F108,08-04-2026,AN,Yes
F108,09-04-2026,FN,Yes
F108,09-04-2026,AN,No
F108,10-04-2026,FN,Yes
F108,10-04-2026,AN,No
F109,01-04-2026,FN,No
F109,01-04-2026,AN,No
F109,02-04-2026,FN,No
F109,02-04-2026,AN,No
F109,03-04-2026,FN,No
F109,03-04-2026,AN,Yes
F109,04-04-2026,FN,No
F109,04-04-2026,AN,Yes
F109,05-04-2026,FN,Yes
F109,05-04-2026,AN,Yes
F109,06-04-2026,FN,No
F109,06-04-2026,AN,Yes
F109,07-04-2026,FN,No
F109,07-04-2026,AN,Yes
F109,08-04-2026,FN,No
F109,08-04-2026,AN,No
F109,09-04-2026,FN,No
F109,09-04-2026,AN,No
F109,10-04-2026,FN,Yes
F109,10-04-2026,AN,Yes
F110,01-04-2026,FN,Yes
F110,01-04-2026,AN,No
F110,02-04-2026,FN,No
F110,02-04-2026,AN,Yes
F110,03-04-2026,FN,No
F110,03-04-2026,AN,No
F110,04-04-2026,FN,Yes
F110,04-04-2026,AN,No
F110,05-04-2026,FN,Yes
F110,05-04-2026,AN,Yes
F110,06-04-2026,FN,No
F110,06-04-2026,AN,Yes
F110,07-04-2026,FN,Yes
F110,07-04-2026,AN,No
F110,08-04-2026,FN,No
F110,08-04-2026,AN,No
F110,09-04-2026,FN,Yes
F110,09-04-2026,AN,No
F110,10-04-2026,FN,No
F110,10-04-2026,AN,Yes
F111,01-04-2026,FN,Yes
F111,01-04-2026,AN,Yes
F111,02-04-2026,FN,No
F111,02-04-2026,AN,Yes
F111,03-04-2026,FN,Yes
F111,03-04-2026,AN,No
F111,04-04-2026,FN,Yes
F111,04-04-2026,AN,Yes
F111,05-04-2026,FN,No
F111,05-04-2026,AN,No
F111,06-04-2026,FN,No
F111,06-04-2026,AN,No
F111,07-04-2026,FN,No
F111,07-04-2026,AN,No
F111,08-04-2026,FN,Yes
F111,08-04-2026,AN,No
F111,09-04-2026,FN,No
F111,09-04-2026,AN,Yes
F111,10-04-2026,FN,No
F111,10-04-2026,AN,No
F112,01-04-2026,FN,No
F112,01-04-2026,AN,No
F112,02-04-2026,FN,Yes
F112,02-04-2026,AN,No
F112,03-04-2026,FN,No
F112,03-04-2026,AN,No
F112,04-04-2026,FN,Yes
F112,04-04-2026,AN,Yes
F112,05-04-2026,FN,Yes
F112,05-04-2026,AN,Yes
F112,06-04-2026,FN,No
F112,06-04-2026,AN,Yes
F112,07-04-2026,FN,No
F112,07-04-2026,AN,No
F112,08-04-2026,FN,No
F112,08-04-2026,AN,No
F112,09-04-2026,FN,Yes
F112,09-04-2026,AN,Yes
F112,10-04-2026,FN,Yes
F112,10-04-2026,AN,Yes
F113,01-04-2026,FN,Yes
F113,01-04-2026,AN,No
F113,02-04-2026,FN,Yes
F113,02-04-2026,AN,No
F113,03-04-2026,FN,Yes
F113,03-04-2026,AN,No
F113,04-04-2026,FN,Yes
F113,04-04-2026,AN,Yes
F113,05-04-2026,FN,Yes
F113,05-04-2026,AN,No
F113,06-04-2026,FN,Yes
F113,06-04-2026,AN,No
F113,07-04-2026,FN,Yes
F113,07-04-2026,AN,No
F113,08-04-2026,FN,Yes
F113,08-04-2026,AN,No
F113,09-04-2026,FN,Yes
F113,09-04-2026,AN,No
F113,10-04-2026,FN,No
F113,10-04-2026,AN,Yes
F114,01-04-2026,FN,Yes
F114,01-04-2026,AN,Yes
F114,02-04-2026,FN,Yes
F114,02-04-2026,AN,Yes
F114,03-04-2026,FN,No
F114,03-04-2026,AN,No
F114,04-04-2026,FN,No
F114,04-04-2026,AN,Yes
F114,05-04-2026,FN,Yes
F114,05-04-2026,AN,No
F114,06-04-2026,FN,Yes
F114,06-04-2026,AN,Yes
F114,07-04-2026,FN,Yes
F114,07-04-2026,AN,Yes
F114,08-04-2026,FN,No
F114,08-04-2026,AN,No
F114,09-04-2026,FN,Yes
F114,09-04-2026,AN,No
F114,10-04-2026,FN,Yes
F114,10-04-2026,AN,No
F115,01-04-2026,FN,No
F115,01-04-2026,AN,No
F115,02-04-2026,FN,No
F115,02-04-2026,AN,Yes
F115,03-04-2026,FN,Yes
F115,03-04-2026,AN,No
F115,04-04-2026,FN,No
F115,04-04-2026,AN,Yes
F115,05-04-2026,FN,Yes
F115,05-04-2026,AN,Yes
F115,06-04-2026,FN,Yes
F115,06-04-2026,AN,No
F115,07-04-2026,FN,Yes
F115,07-04-2026,AN,Yes
F115,08-04-2026,FN,Yes
F115,08-04-2026,AN,Yes
F115,09-04-2026,FN,Yes
F115,09-04-2026,AN,Yes
F115,10-04-2026,FN,Yes
F115,10-04-2026,AN,Yes
F116,01-04-2026,FN,Yes
F116,01-04-2026,AN,No
F116,02-04-2026,FN,No
F116,02-04-2026,AN,Yes
F116,03-04-2026,FN,No
F116,03-04-2026,AN,Yes
F116,04-04-2026,FN,No
F116,04-04-2026,AN,No
F116,05-04-2026,FN,No
F116,05-04-2026,AN,Yes
F116,06-04-2026,FN,No
F116,06-04-2026,AN,No
F116,07-04-2026,FN,No
F116,07-04-2026,AN,Yes
F116,08-04-2026,FN,No
F116,08-04-2026,AN,Yes
F116,09-04-2026,FN,Yes
F116,09-04-2026,AN,Yes
F116,10-04-2026,FN,Yes
F116,10-04-2026,AN,Yes
F117,01-04-2026,FN,Yes
F117,01-04-2026,AN,Yes
F117,02-04-2026,FN,No
F117,02-04-2026,AN,Yes
F117,03-04-2026,FN,Yes
F117,03-04-2026,AN,Yes
F117,04-04-2026,FN,No
F117,04-04-2026,AN,No
F117,05-04-2026,FN,No
F117,05-04-2026,AN,Yes
F117,06-04-2026,FN,Yes
F117,06-04-2026,AN,Yes
F117,07-04-2026,FN,No
F117,07-04-2026,AN,Yes
F117,08-04-2026,FN,Yes
F117,08-04-2026,AN,Yes
F117,09-04-2026,FN,No
F117,09-04-2026,AN,No
F117,10-04-2026,FN,No
F117,10-04-2026,AN,No
F118,01-04-2026,FN,Yes
F118,01-04-2026,AN,No
F118,02-04-2026,FN,No
F118,02-04-2026,AN,No
F118,03-04-2026,FN,Yes
F118,03-04-2026,AN,No
F118,04-04-2026,FN,Yes
F118,04-04-2026,AN,No
F118,05-04-2026,FN,Yes
F118,05-04-2026,AN,No
F118,06-04-2026,FN,No
F118,06-04-2026,AN,Yes
F118,07-04-2026,FN,No
F118,07-04-2026,AN,No
F118,08-04-2026,FN,No
F118,08-04-2026,AN,No
F118,09-04-2026,FN,No
F118,09-04-2026,AN,No
F118,10-04-2026,FN,Yes
F118,10-04-2026,AN,No
F119,01-04-2026,FN,Yes
F119,01-04-2026,AN,Yes
F119,02-04-2026,FN,Yes
F119,02-04-2026,AN,No
F119,03-04-2026,FN,No
F119,03-04-2026,AN,Yes
F119,04-04-2026,FN,Yes
F119,04-04-2026,AN,No
F119,05-04-2026,FN,Yes
F119,05-04-2026,AN,Yes
F119,06-04-2026,FN,No
F119,06-04-2026,AN,Yes
F119,07-04-2026,FN,No
F119,07-04-2026,AN,Yes
F119,08-04-2026,FN,Yes
F119,08-04-2026,AN,Yes
F119,09-04-2026,FN,Yes
F119,09-04-2026,AN,No
F119,10-04-2026,FN,No
F119,10-04-2026,AN,Yes
F120,01-04-2026,FN,No
F120,01-04-2026,AN,Yes
F120,02-04-2026,FN,Yes
F120,02-04-2026,AN,No
F120,03-04-2026,FN,No
F120,03-04-2026,AN,No
F120,04-04-2026,FN,Yes
F120,04-04-2026,AN,Yes
F120,05-04-2026,FN,Yes
F120,05-04-2026,AN,No
F120,06-04-2026,FN,Yes
F120,06-04-2026,AN,No
F120,07-04-2026,FN,Yes
F120,07-04-2026,AN,Yes
F120,08-04-2026,FN,Yes
F120,08-04-2026,AN,Yes
F120,09-04-2026,FN,No
F120,09-04-2026,AN,No
F120,10-04-2026,FN,Yes
F120,10-04-2026,AN,Yes
F121,01-04-2026,FN,No
F121,01-04-2026,AN,Yes
F121,02-04-2026,FN,No
F121,02-04-2026,AN,No
F121,03-04-2026,FN,No
F121,03-04-2026,AN,No
F121,04-04-2026,FN,Yes
F121,04-04-2026,AN,No
F121,05-04-2026,FN,No
F121,05-04-2026,AN,Yes
F121,06-04-2026,FN,No
F121,06-04-2026,AN,No
F121,07-04-2026,FN,Yes
F121,07-04-2026,AN,Yes
F121,08-04-2026,FN,Yes
F121,08-04-2026,AN,Yes
F121,09-04-2026,FN,No
F121,09-04-2026,AN,No
F121,10-04-2026,FN,Yes
F121,10-04-2026,AN,No
F122,01-04-2026,FN,Yes
F122,01-04-2026,AN,Yes
F122,02-04-2026,FN,Yes
F122,02-04-2026,AN,No
F122,03-04-2026,FN,No
F122,03-04-2026,AN,Yes
F122,04-04-2026,FN,Yes
F122,04-04-2026,AN,Yes
F122,05-04-2026,FN,Yes
F122,05-04-2026,AN,No
F122,06-04-2026,FN,No
F122,06-04-2026,AN,No
F122,07-04-2026,FN,Yes
F122,07-04-2026,AN,No
F122,08-04-2026,FN,No
F122,08-04-2026,AN,Yes
F122,09-04-2026,FN,Yes
F122,09-04-2026,AN,No
F122,10-04-2026,FN,Yes
F122,10-04-2026,AN,No
F123,01-04-2026,FN,No
F123,01-04-2026,AN,No
F123,02-04-2026,FN,No
F123,02-04-2026,AN,Yes
F123,03-04-2026,FN,No
F123,03-04-2026,AN,Yes
F123,04-04-2026,FN,No
F123,04-04-2026,AN,No
F123,05-04-2026,FN,Yes
F123,05-04-2026,AN,Yes
F123,06-04-2026,FN,No
F123,06-04-2026,AN,No
F123,07-04-2026,FN,Yes
F123,07-04-2026,AN,No
F123,08-04-2026,FN,Yes
F123,08-04-2026,AN,Yes
F123,09-04-2026,FN,Yes
F123,09-04-2026,AN,No
F123,10-04-2026,FN,Yes
F123,10-04-2026,AN,No
F124,01-04-2026,FN,Yes
F124,01-04-2026,AN,No
F124,02-04-2026,FN,No
F124,02-04-2026,AN,Yes
F124,03-04-2026,FN,Yes
F124,03-04-2026,AN,Yes
F124,04-04-2026,FN,Yes
F124,04-04-2026,AN,Yes
F124,05-04-2026,FN,No
F124,05-04-2026,AN,No
F124,06-04-2026,FN,No
F124,06-04-2026,AN,No
F124,07-04-2026,FN,No
F124,07-04-2026,AN,Yes
F124,08-04-2026,FN,Yes
F124,08-04-2026,AN,Yes
F124,09-04-2026,FN,Yes
F124,09-04-2026,AN,Yes
F124,10-04-2026,FN,Yes
F124,10-04-2026,AN,Yes
F125,01-04-2026,FN,Yes
F125,01-04-2026,AN,No
F125,02-04-2026,FN,Yes
F125,02-04-2026,AN,No
F125,03-04-2026,FN,No
F125,03-04-2026,AN,No
F125,04-04-2026,FN,Yes
F125,04-04-2026,AN,Yes
F125,05-04-2026,FN,No
F125,05-04-2026,AN,No
F125,06-04-2026,FN,Yes
F125,06-04-2026,AN,No
F125,07-04-2026,FN,Yes
F125,07-04-2026,AN,No
F125,08-04-2026,FN,No
F125,08-04-2026,AN,No
F125,09-04-2026,FN,No
F125,09-04-2026,AN,No
F125,10-04-2026,FN,No
F125,10-04-2026,AN,Yes
F126,01-04-2026,FN,Yes
F126,01-04-2026,AN,Yes
F126,02-04-2026,FN,Yes
F126,02-04-2026,AN,Yes
F126,03-04-2026,FN,Yes
F126,03-04-2026,AN,Yes
F126,04-04-2026,FN,No
F126,04-04-2026,AN,Yes
F126,05-04-2026,FN,Yes
F126,05-04-2026,AN,No
F126,06-04-2026,FN,No
F126,06-04-2026,AN,Yes
F126,07-04-2026,FN,No
F126,07-04-2026,AN,No
F126,08-04-2026,FN,No
F126,08-04-2026,AN,No
F126,09-04-2026,FN,No
F126,09-04-2026,AN,Yes
F126,10-04-2026,FN,Yes
F126,10-04-2026,AN,Yes
F127,01-04-2026,FN,Yes
F127,01-04-2026,AN,No
F127,02-04-2026,FN,Yes
F127,02-04-2026,AN,No
F127,03-04-2026,FN,Yes
F127,03-04-2026,AN,No
F127,04-04-2026,FN,No
F127,04-04-2026,AN,No
F127,05-04-2026,FN,Yes
F127,05-04-2026,AN,No
F127,06-04-2026,FN,Yes
F127,06-04-2026,AN,Yes
F127,07-04-2026,FN,Yes
F127,07-04-2026,AN,Yes
F127,08-04-2026,FN,No
F127,08-04-2026,AN,Yes
F127,09-04-2026,FN,No
F127,09-04-2026,AN,No
F127,10-04-2026,FN,Yes
F127,10-04-2026,AN,No
F128,01-04-2026,FN,No
F128,01-04-2026,AN,Yes
F128,02-04-2026,FN,Yes
F128,02-04-2026,AN,No
F128,03-04-2026,FN,No
F128,03-04-2026,AN,No
F128,04-04-2026,FN,No
F128,04-04-2026,AN,Yes
F128,05-04-2026,FN,Yes
F128,05-04-2026,AN,Yes
F128,06-04-2026,FN,No
F128,06-04-2026,AN,Yes
F128,07-04-2026,FN,No
F128,07-04-2026,AN,No
F128,08-04-2026,FN,No
F128,08-04-2026,AN,No
F128,09-04-2026,FN,No
F128,09-04-2026,AN,No
F128,10-04-2026,FN,Yes
F128,10-04-2026,AN,No
F129,01-04-2026,FN,Yes
F129,01-04-2026,AN,No
F129,02-04-2026,FN,Yes
F129,02-04-2026,AN,No
F129,03-04-2026,FN,No
F129,03-04-2026,AN,No
F129,04-04-2026,FN,Yes
F129,04-04-2026,AN,No
F129,05-04-2026,FN,No
F129,05-04-2026,AN,Yes
F129,06-04-2026,FN,No
F129,06-04-2026,AN,No
F129,07-04-2026,FN,Yes
F129,07-04-2026,AN,Yes
F129,08-04-2026,FN,No
F129,08-04-2026,AN,Yes
F129,09-04-2026,FN,Yes
F129,09-04-2026,AN,Yes
F129,10-04-2026,FN,No
F129,10-04-2026,AN,Yes
F130,01-04-2026,FN,Yes
F130,01-04-2026,AN,No
F130,02-04-2026,FN,Yes
F130,02-04-2026,AN,No
F130,03-04-2026,FN,No
F130,03-04-2026,AN,Yes
F130,04-04-2026,FN,No
F130,04-04-2026,AN,Yes
F130,05-04-2026,FN,Yes
F130,05-04-2026,AN,Yes
F130,06-04-2026,FN,Yes
F130,06-04-2026,AN,No
F130,07-04-2026,FN,Yes
F130,07-04-2026,AN,No
F130,08-04-2026,FN,Yes
F130,08-04-2026,AN,No
F130,09-04-2026,FN,Yes
F130,09-04-2026,AN,No
F130,10-04-2026,FN,Yes
F130,10-04-2026,AN,No
F131,01-04-2026,FN,Yes
F131,01-04-2026,AN,No
F131,02-04-2026,FN,No
F131,02-04-2026,AN,Yes
F131,03-04-2026,FN,No
F131,03-04-2026,AN,Yes
F131,04-04-2026,FN,No
F131,04-04-2026,AN,No
F131,05-04-2026,FN,Yes
F131,05-04-2026,AN,No
F131,06-04-2026,FN,Yes
F131,06-04-2026,AN,No
F131,07-04-2026,FN,No
F131,07-04-2026,AN,Yes
F131,08-04-2026,FN,Yes
F131,08-04-2026,AN,No
F131,09-04-2026,FN,No
F131,09-04-2026,AN,No
F131,10-04-2026,FN,No
F131,10-04-2026,AN,Yes
F132,01-04-2026,FN,No
F132,01-04-2026,AN,Yes
F132,02-04-2026,FN,No
F132,02-04-2026,AN,No
F132,03-04-2026,FN,Yes
F132,03-04-2026,AN,Yes
F132,04-04-2026,FN,No
F132,04-04-2026,AN,No
F132,05-04-2026,FN,Yes
F132,05-04-2026,AN,No
F132,06-04-2026,FN,Yes
F132,06-04-2026,AN,Yes
F132,07-04-2026,FN,No
F132,07-04-2026,AN,No
F132,08-04-2026,FN,Yes
F132,08-04-2026,AN,No
F132,09-04-2026,FN,Yes
F132,09-04-2026,AN,No
F132,10-04-2026,FN,No
F132,10-04-2026,AN,No
F133,01-04-2026,FN,No
F133,01-04-2026,AN,No
F133,02-04-2026,FN,No
F133,02-04-2026,AN,No
F133,03-04-2026,FN,No
F133,03-04-2026,AN,No
F133,04-04-2026,FN,Yes
F133,04-04-2026,AN,Yes
F133,05-04-2026,FN,Yes
F133,05-04-2026,AN,Yes
F133,06-04-2026,FN,No
F133,06-04-2026,AN,No
F133,07-04-2026,FN,Yes
F133,07-04-2026,AN,No
F133,08-04-2026,FN,Yes
F133,08-04-2026,AN,Yes
F133,09-04-2026,FN,Yes
F133,09-04-2026,AN,No
F133,10-04-2026,FN,Yes
F133,10-04-2026,AN,Yes
F134,01-04-2026,FN,No
F134,01-04-2026,AN,No
F134,02-04-2026,FN,No
F134,02-04-2026,AN,Yes
F134,03-04-2026,FN,Yes
F134,03-04-2026,AN,No
F134,04-04-2026,FN,No
F134,04-04-2026,AN,Yes
F134,05-04-2026,FN,Yes
F134,05-04-2026,AN,No
F134,06-04-2026,FN,No
F134,06-04-2026,AN,No
F134,07-04-2026,FN,No
F134,07-04-2026,AN,Yes
F134,08-04-2026,FN,No
F134,08-04-2026,AN,Yes
F134,09-04-2026,FN,Yes
F134,09-04-2026,AN,No
F134,10-04-2026,FN,Yes
F134,10-04-2026,AN,No
F135,01-04-2026,FN,Yes
F135,01-04-2026,AN,No
F135,02-04-2026,FN,Yes
F135,02-04-2026,AN,No
F135,03-04-2026,FN,Yes
F135,03-04-2026,AN,No
F135,04-04-2026,FN,Yes
F135,04-04-2026,AN,Yes
F135,05-04-2026,FN,Yes
F135,05-04-2026,AN,Yes
F135,06-04-2026,FN,No
F135,06-04-2026,AN,No
F135,07-04-2026,FN,Yes
F135,07-04-2026,AN,No
F135,08-04-2026,FN,No
F135,08-04-2026,AN,No
F135,09-04-2026,FN,No
F135,09-04-2026,AN,Yes
F135,10-04-2026,FN,No
F135,10-04-2026,AN,Yes
F136,01-04-2026,FN,No
F136,01-04-2026,AN,No
F136,02-04-2026,FN,Yes
F136,02-04-2026,AN,Yes
F136,03-04-2026,FN,Yes
F136,03-04-2026,AN,Yes
F136,04-04-2026,FN,No
F136,04-04-2026,AN,No
F136,05-04-2026,FN,No
F136,05-04-2026,AN,No
F136,06-04-2026,FN,No
F136,06-04-2026,AN,Yes
F136,07-04-2026,FN,No
F136,07-04-2026,AN,Yes
F136,08-04-2026,FN,Yes
F136,08-04-2026,AN,No
F136,09-04-2026,FN,Yes
F136,09-04-2026,AN,No
F136,10-04-2026,FN,No
F136,10-04-2026,AN,Yes
F137,01-04-2026,FN,No
F137,01-04-2026,AN,No
F137,02-04-2026,FN,No
F137,02-04-2026,AN,No
F137,03-04-2026,FN,No
F137,03-04-2026,AN,Yes
F137,04-04-2026,FN,Yes
F137,04-04-2026,AN,No
F137,05-04-2026,FN,No
F137,05-04-2026,AN,Yes
F137,06-04-2026,FN,No
F137,06-04-2026,AN,No
F137,07-04-2026,FN,Yes
F137,07-04-2026,AN,No
F137,08-04-2026,FN,Yes
F137,08-04-2026,AN,Yes
F137,09-04-2026,FN,No
F137,09-04-2026,AN,No
F137,10-04-2026,FN,No
F137,10-04-2026,AN,No
F138,01-04-2026,FN,Yes
F138,01-04-2026,AN,Yes
F138,02-04-2026,FN,No
F138,02-04-2026,AN,Yes
F138,03-04-2026,FN,No
F138,03-04-2026,AN,Yes
F138,04-04-2026,FN,Yes
F138,04-04-2026,AN,Yes
F138,05-04-2026,FN,No
F138,05-04-2026,AN,Yes
F138,06-04-2026,FN,No
F138,06-04-2026,AN,Yes
F138,07-04-2026,FN,No
F138,07-04-2026,AN,Yes
F138,08-04-2026,FN,No
F138,08-04-2026,AN,No
F138,09-04-2026,FN,Yes
F138,09-04-2026,AN,Yes
F138,10-04-2026,FN,Yes
F138,10-04-2026,AN,Yes
F139,01-04-2026,FN,Yes
F139,01-04-2026,AN,No
F139,02-04-2026,FN,Yes
F139,02-04-2026,AN,Yes
F139,03-04-2026,FN,No
F139,03-04-2026,AN,Yes
F139,04-04-2026,FN,No
F139,04-04-2026,AN,No
F139,05-04-2026,FN,Yes
F139,05-04-2026,AN,No
F139,06-04-2026,FN,Yes
F139,06-04-2026,AN,No
F139,07-04-2026,FN,No
F139,07-04-2026,AN,No
F139,08-04-2026,FN,No
F139,08-04-2026,AN,Yes
F139,09-04-2026,FN,No
F139,09-04-2026,AN,No
F139,10-04-2026,FN,No
F139,10-04-2026,AN,Yes
F140,01-04-2026,FN,Yes
F140,01-04-2026,AN,No
F140,02-04-2026,FN,No
F140,02-04-2026,AN,Yes
F140,03-04-2026,FN,Yes
F140,03-04-2026,AN,No
F140,04-04-2026,FN,Yes
F140,04-04-2026,AN,No
F140,05-04-2026,FN,Yes
F140,05-04-2026,AN,Yes
F140,06-04-2026,FN,No
F140,06-04-2026,AN,Yes
F140,07-04-2026,FN,No
F140,07-04-2026,AN,No
F140,08-04-2026,FN,No
F140,08-04-2026,AN,No
F140,09-04-2026,FN,No
F140,09-04-2026,AN,Yes
F140,10-04-2026,FN,Yes
F140,10-04-2026,AN,Yes
F141,01-04-2026,FN,Yes
F141,01-04-2026,AN,No
F141,02-04-2026,FN,No
F141,02-04-2026,AN,No
F141,03-04-2026,FN,Yes
F141,03-04-2026,AN,No
F141,04-04-2026,FN,No
F141,04-04-2026,AN,No
F141,05-04-2026,FN,No
F141,05-04-2026,AN,Yes
F141,06-04-2026,FN,No
F141,06-04-2026,AN,Yes
F141,07-04-2026,FN,Yes
F141,07-04-2026,AN,No
F141,08-04-2026,FN,Yes
F141,08-04-2026,AN,Yes
F141,09-04-2026,FN,No
F141,09-04-2026,AN,No
F141,10-04-2026,FN,Yes
F141,10-04-2026,AN,No
F142,01-04-2026,FN,No
F142,01-04-2026,AN,No
F142,02-04-2026,FN,Yes
F142,02-04-2026,AN,No
F142,03-04-2026,FN,No
F142,03-04-2026,AN,Yes
F142,04-04-2026,FN,Yes
F142,04-04-2026,AN,No
F142,05-04-2026,FN,No
F142,05-04-2026,AN,No
F142,06-04-2026,FN,No
F142,06-04-2026,AN,No
F142,07-04-2026,FN,Yes
F142,07-04-2026,AN,Yes
F142,08-04-2026,FN,Yes
F142,08-04-2026,AN,Yes
F142,09-04-2026,FN,No
F142,09-04-2026,AN,Yes
F142,10-04-2026,FN,No
F142,10-04-2026,AN,No
F143,01-04-2026,FN,Yes
F143,01-04-2026,AN,No
F143,02-04-2026,FN,No
F143,02-04-2026,AN,No
F143,03-04-2026,FN,No
F143,03-04-2026,AN,No
F143,04-04-2026,FN,No
F143,04-04-2026,AN,No
F143,05-04-2026,FN,No
F143,05-04-2026,AN,No
F143,06-04-2026,FN,Yes
F143,06-04-2026,AN,Yes
F143,07-04-2026,FN,No
F143,07-04-2026,AN,No
F143,08-04-2026,FN,Yes
F143,08-04-2026,AN,Yes
F143,09-04-2026,FN,No
F143,09-04-2026,AN,No
F143,10-04-2026,FN,Yes
F143,10-04-2026,AN,Yes
F144,01-04-2026,FN,No
F144,01-04-2026,AN,No
F144,02-04-2026,FN,No
F144,02-04-2026,AN,Yes
F144,03-04-2026,FN,No
F144,03-04-2026,AN,Yes
F144,04-04-2026,FN,Yes
F144,04-04-2026,AN,No
F144,05-04-2026,FN,Yes
F144,05-04-2026,AN,Yes
F144,06-04-2026,FN,No
F144,06-04-2026,AN,Yes
F144,07-04-2026,FN,No
F144,07-04-2026,AN,Yes
F144,08-04-2026,FN,Yes
F144,08-04-2026,AN,Yes
F144,09-04-2026,FN,No
F144,09-04-2026,AN,Yes
F144,10-04-2026,FN,No
F144,10-04-2026,AN,Yes
F145,01-04-2026,FN,No
F145,01-04-2026,AN,No
F145,02-04-2026,FN,Yes
F145,02-04-2026,AN,No
F145,03-04-2026,FN,No
F145,03-04-2026,AN,Yes
F145,04-04-2026,FN,Yes
F145,04-04-2026,AN,Yes
F145,05-04-2026,FN,No
F145,05-04-2026,AN,Yes
F145,06-04-2026,FN,No
F145,06-04-2026,AN,No
F145,07-04-2026,FN,Yes
F145,07-04-2026,AN,No
F145,08-04-2026,FN,Yes
F145,08-04-2026,AN,Yes
F145,09-04-2026,FN,Yes
F145,09-04-2026,AN,Yes
F145,10-04-2026,FN,No
F145,10-04-2026,AN,No
F146,01-04-2026,FN,No
F146,01-04-2026,AN,No
F146,02-04-2026,FN,No
F146,02-04-2026,AN,Yes
F146,03-04-2026,FN,No
F146,03-04-2026,AN,No
F146,04-04-2026,FN,No
F146,04-04-2026,AN,No
F146,05-04-2026,FN,Yes
F146,05-04-2026,AN,No
F146,06-04-2026,FN,No
F146,06-04-2026,AN,Yes
F146,07-04-2026,FN,Yes
F146,07-04-2026,AN,Yes
F146,08-04-2026,FN,Yes
F146,08-04-2026,AN,Yes
F146,09-04-2026,FN,Yes
F146,09-04-2026,AN,Yes
F146,10-04-2026,FN,No
F146,10-04-2026,AN,Yes
F147,01-04-2026,FN,No
F147,01-04-2026,AN,No
F147,02-04-2026,FN,No
F147,02-04-2026,AN,Yes
F147,03-04-2026,FN,Yes
F147,03-04-2026,AN,Yes
F147,04-04-2026,FN,Yes
F147,04-04-2026,AN,Yes
F147,05-04-2026,FN,No
F147,05-04-2026,AN,Yes
F147,06-04-2026,FN,No
F147,06-04-2026,AN,No
F147,07-04-2026,FN,No
F147,07-04-2026,AN,Yes
F147,08-04-2026,FN,No
F147,08-04-2026,AN,No
F147,09-04-2026,FN,No
F147,09-04-2026,AN,Yes
F147,10-04-2026,FN,Yes
F147,10-04-2026,AN,Yes
F148,01-04-2026,FN,No
F148,01-04-2026,AN,No
F148,02-04-2026,FN,No
F148,02-04-2026,AN,Yes
F148,03-04-2026,FN,No
F148,03-04-2026,AN,No
F148,04-04-2026,FN,No
F148,04-04-2026,AN,Yes
F148,05-04-2026,FN,No
F148,05-04-2026,AN,No
F148,06-04-2026,FN,No
F148,06-04-2026,AN,Yes
F148,07-04-2026,FN,No
F148,07-04-2026,AN,Yes
F148,08-04-2026,FN,Yes
F148,08-04-2026,AN,Yes
F148,09-04-2026,FN,Yes
F148,09-04-2026,AN,No
F148,10-04-2026,FN,Yes
F148,10-04-2026,AN,Yes
F149,01-04-2026,FN,Yes
F149,01-04-2026,AN,Yes
F149,02-04-2026,FN,Yes
F149,02-04-2026,AN,Yes
F149,03-04-2026,FN,Yes
F149,03-04-2026,AN,No
F149,04-04-2026,FN,Yes
F149,04-04-2026,AN,No
F149,05-04-2026,FN,No
F149,05-04-2026,AN,Yes
F149,06-04-2026,FN,Yes
F149,06-04-2026,AN,Yes
F149,07-04-2026,FN,No
F149,07-04-2026,AN,Yes
F149,08-04-2026,FN,No
F149,08-04-2026,AN,Yes
F149,09-04-2026,FN,No
F149,09-04-2026,AN,Yes
F149,10-04-2026,FN,Yes
F149,10-04-2026,AN,Yes
F150,01-04-2026,FN,No
F150,01-04-2026,AN,Yes
F150,02-04-2026,FN,Yes
F150,02-04-2026,AN,Yes
F150,03-04-2026,FN,Yes
F150,03-04-2026,AN,Yes
F150,04-04-2026,FN,No
F150,04-04-2026,AN,Yes
F150,05-04-2026,FN,No
F150,05-04-2026,AN,Yes
F150,06-04-2026,FN,No
F150,06-04-2026,AN,No
F150,07-04-2026,FN,Yes
F150,07-04-2026,AN,No
F150,08-04-2026,FN,Yes
F150,08-04-2026,AN,Yes
F150,09-04-2026,FN,Yes
F150,09-04-2026,AN,No
F150,10-04-2026,FN,No
F150,10-04-2026,AN,No
F151,01-04-2026,FN,No
F151,01-04-2026,AN,No
F151,02-04-2026,FN,Yes
F151,02-04-2026,AN,Yes
F151,03-04-2026,FN,No
F151,03-04-2026,AN,No
F151,04-04-2026,FN,No
F151,04-04-2026,AN,No
F151,05-04-2026,FN,No
F151,05-04-2026,AN,Yes
F151,06-04-2026,FN,No
F151,06-04-2026,AN,Yes
F151,07-04-2026,FN,No
F151,07-04-2026,AN,No
F151,08-04-2026,FN,Yes
F151,08-04-2026,AN,Yes
F151,09-04-2026,FN,No
F151,09-04-2026,AN,Yes
F151,10-04-2026,FN,Yes
F151,10-04-2026,AN,Yes
F152,01-04-2026,FN,No
F152,01-04-2026,AN,Yes
F152,02-04-2026,FN,No
F152,02-04-2026,AN,No
F152,03-04-2026,FN,Yes
F152,03-04-2026,AN,Yes
F152,04-04-2026,FN,Yes
F152,04-04-2026,AN,No
F152,05-04-2026,FN,Yes
F152,05-04-2026,AN,Yes
F152,06-04-2026,FN,Yes
F152,06-04-2026,AN,No
F152,07-04-2026,FN,Yes
F152,07-04-2026,AN,Yes
F152,08-04-2026,FN,Yes
F152,08-04-2026,AN,No
F152,09-04-2026,FN,No
F152,09-04-2026,AN,No
F152,10-04-2026,FN,No
F152,10-04-2026,AN,No
F153,01-04-2026,FN,No
F153,01-04-2026,AN,No
F153,02-04-2026,FN,Yes
F153,02-04-2026,AN,No
F153,03-04-2026,FN,Yes
F153,03-04-2026,AN,No
F153,04-04-2026,FN,Yes
F153,04-04-2026,AN,No
F153,05-04-2026,FN,No
F153,05-04-2026,AN,No
F153,06-04-2026,FN,No
F153,06-04-2026,AN,Yes
F153,07-04-2026,FN,Yes
F153,07-04-2026,AN,No
F153,08-04-2026,FN,No
F153,08-04-2026,AN,No
F153,09-04-2026,FN,No
F153,09-04-2026,AN,Yes
F153,10-04-2026,FN,Yes
F153,10-04-2026,AN,Yes
F154,01-04-2026,FN,No
F154,01-04-2026,AN,Yes
F154,02-04-2026,FN,No
F154,02-04-2026,AN,Yes
F154,03-04-2026,FN,Yes
F154,03-04-2026,AN,No
F154,04-04-2026,FN,Yes
F154,04-04-2026,AN,Yes
F154,05-04-2026,FN,Yes
F154,05-04-2026,AN,Yes
F154,06-04-2026,FN,Yes
F154,06-04-2026,AN,No
F154,07-04-2026,FN,No
F154,07-04-2026,AN,Yes
F154,08-04-2026,FN,Yes
F154,08-04-2026,AN,No
F154,09-04-2026,FN,Yes
F154,09-04-2026,AN,No
F154,10-04-2026,FN,No
F154,10-04-2026,AN,No
F155,01-04-2026,FN,No
F155,01-04-2026,AN,Yes
F155,02-04-2026,FN,Yes
F155,02-04-2026,AN,No
F155,03-04-2026,FN,No
F155,03-04-2026,AN,Yes
F155,04-04-2026,FN,No
F155,04-04-2026,AN,No
F155,05-04-2026,FN,Yes
F155,05-04-2026,AN,Yes
F155,06-04-2026,FN,No
F155,06-04-2026,AN,No
F155,07-04-2026,FN,No
F155,07-04-2026,AN,No
F155,08-04-2026,FN,Yes
F155,08-04-2026,AN,Yes
F155,09-04-2026,FN,Yes
F155,09-04-2026,AN,No
F155,10-04-2026,FN,No
F155,10-04-2026,AN,No
F156,01-04-2026,FN,Yes
F156,01-04-2026,AN,Yes
F156,02-04-2026,FN,No
F156,02-04-2026,AN,No
F156,03-04-2026,FN,No
F156,03-04-2026,AN,Yes
F156,04-04-2026,FN,No
F156,04-04-2026,AN,No
F156,05-04-2026,FN,Yes
F156,05-04-2026,AN,Yes
F156,06-04-2026,FN,No
F156,06-04-2026,AN,No
F156,07-04-2026,FN,Yes
F156,07-04-2026,AN,No
F156,08-04-2026,FN,Yes
F156,08-04-2026,AN,Yes
F156,09-04-2026,FN,No
F156,09-04-2026,AN,No
F156,10-04-2026,FN,No
F156,10-04-2026,AN,No
F157,01-04-2026,FN,Yes
F157,01-04-2026,AN,Yes
F157,02-04-2026,FN,No
F157,02-04-2026,AN,Yes
F157,03-04-2026,FN,No
F157,03-04-2026,AN,No
F157,04-04-2026,FN,No
F157,04-04-2026,AN,No
F157,05-04-2026,FN,Yes
F157,05-04-2026,AN,Yes
F157,06-04-2026,FN,Yes
F157,06-04-2026,AN,Yes
F157,07-04-2026,FN,Yes
F157,07-04-2026,AN,No
F157,08-04-2026,FN,No
F157,08-04-2026,AN,No
F157,09-04-2026,FN,Yes
F157,09-04-2026,AN,No
F157,10-04-2026,FN,Yes
F157,10-04-2026,AN,No
F158,01-04-2026,FN,No
F158,01-04-2026,AN,Yes
F158,02-04-2026,FN,Yes
F158,02-04-2026,AN,Yes
F158,03-04-2026,FN,No
F158,03-04-2026,AN,Yes
F158,04-04-2026,FN,No
F158,04-04-2026,AN,No
F158,05-04-2026,FN,No
F158,05-04-2026,AN,No
F158,06-04-2026,FN,Yes
F158,06-04-2026,AN,Yes
F158,07-04-2026,FN,No
F158,07-04-2026,AN,No
F158,08-04-2026,FN,No
F158,08-04-2026,AN,Yes
F158,09-04-2026,FN,No
F158,09-04-2026,AN,No
F158,10-04-2026,FN,No
F158,10-04-2026,AN,No
F159,01-04-2026,FN,No
F159,01-04-2026,AN,Yes
F159,02-04-2026,FN,Yes
F159,02-04-2026,AN,No
F159,03-04-2026,FN,Yes
F159,03-04-2026,AN,Yes
F159,04-04-2026,FN,Yes
F159,04-04-2026,AN,Yes
F159,05-04-2026,FN,Yes
F159,05-04-2026,AN,Yes
F159,06-04-2026,FN,Yes
F159,06-04-2026,AN,No
F159,07-04-2026,FN,Yes
F159,07-04-2026,AN,No
F159,08-04-2026,FN,No
F159,08-04-2026,AN,No
F159,09-04-2026,FN,No
F159,09-04-2026,AN,Yes
F159,10-04-2026,FN,No
F159,10-04-2026,AN,No
F160,01-04-2026,FN,No
F160,01-04-2026,AN,Yes
F160,02-04-2026,FN,Yes
F160,02-04-2026,AN,No
F160,03-04-2026,FN,No
F160,03-04-2026,AN,No
F160,04-04-2026,FN,Yes
F160,04-04-2026,AN,Yes
F160,05-04-2026,FN,No
F160,05-04-2026,AN,Yes
F160,06-04-2026,FN,No
F160,06-04-2026,AN,Yes
F160,07-04-2026,FN,Yes
F160,07-04-2026,AN,Yes
F160,08-04-2026,FN,No
F160,08-04-2026,AN,Yes
F160,09-04-2026,FN,No
F160,09-04-2026,AN,No
F160,10-04-2026,FN,No
F160,10-04-2026,AN,Yes
F161,01-04-2026,FN,Yes
F161,01-04-2026,AN,No
F161,02-04-2026,FN,No
F161,02-04-2026,AN,No
F161,03-04-2026,FN,Yes
F161,03-04-2026,AN,No
F161,04-04-2026,FN,Yes
F161,04-04-2026,AN,Yes
F161,05-04-2026,FN,No
F161,05-04-2026,AN,No
F161,06-04-2026,FN,No
F161,06-04-2026,AN,No
F161,07-04-2026,FN,No
F161,07-04-2026,AN,No
F161,08-04-2026,FN,Yes
F161,08-04-2026,AN,No
F161,09-04-2026,FN,Yes
F161,09-04-2026,AN,No
F161,10-04-2026,FN,No
F161,10-04-2026,AN,No
F162,01-04-2026,FN,No
F162,01-04-2026,AN,Yes
F162,02-04-2026,FN,No
F162,02-04-2026,AN,No
F162,03-04-2026,FN,Yes
F162,03-04-2026,AN,No
F162,04-04-2026,FN,No
F162,04-04-2026,AN,Yes
F162,05-04-2026,FN,Yes
F162,05-04-2026,AN,Yes
F162,06-04-2026,FN,No
F162,06-04-2026,AN,Yes
F162,07-04-2026,FN,No
F162,07-04-2026,AN,Yes
F162,08-04-2026,FN,No
F162,08-04-2026,AN,No
F162,09-04-2026,FN,Yes
F162,09-04-2026,AN,No
F162,10-04-2026,FN,Yes
F162,10-04-2026,AN,No
F163,01-04-2026,FN,Yes
F163,01-04-2026,AN,Yes
F163,02-04-2026,FN,No
F163,02-04-2026,AN,Yes
F163,03-04-2026,FN,Yes
F163,03-04-2026,AN,Yes
F163,04-04-2026,FN,Yes
F163,04-04-2026,AN,No
F163,05-04-2026,FN,No
F163,05-04-2026,AN,Yes
F163,06-04-2026,FN,Yes
F163,06-04-2026,AN,Yes
F163,07-04-2026,FN,Yes
F163,07-04-2026,AN,No
F163,08-04-2026,FN,No
F163,08-04-2026,AN,No
F163,09-04-2026,FN,Yes
F163,09-04-2026,AN,No
F163,10-04-2026,FN,No
F163,10-04-2026,AN,Yes
F164,01-04-2026,FN,Yes
F164,01-04-2026,AN,Yes
F164,02-04-2026,FN,No
F164,02-04-2026,AN,No
F164,03-04-2026,FN,Yes
F164,03-04-2026,AN,No
F164,04-04-2026,FN,Yes
F164,04-04-2026,AN,No
F164,05-04-2026,FN,No
F164,05-04-2026,AN,Yes
F164,06-04-2026,FN,No
F164,06-04-2026,AN,Yes
F164,07-04-2026,FN,Yes
F164,07-04-2026,AN,Yes
F164,08-04-2026,FN,No
F164,08-04-2026,AN,No
F164,09-04-2026,FN,Yes
F164,09-04-2026,AN,No
F164,10-04-2026,FN,No
F164,10-04-2026,AN,Yes
F165,01-04-2026,FN,No
F165,01-04-2026,AN,Yes
F165,02-04-2026,FN,No
F165,02-04-2026,AN,Yes
F165,03-04-2026,FN,Yes
F165,03-04-2026,AN,No
F165,04-04-2026,FN,Yes
F165,04-04-2026,AN,No
F165,05-04-2026,FN,Yes
F165,05-04-2026,AN,No
F165,06-04-2026,FN,Yes
F165,06-04-2026,AN,Yes
F165,07-04-2026,FN,Yes
F165,07-04-2026,AN,Yes
F165,08-04-2026,FN,No
F165,08-04-2026,AN,Yes
F165,09-04-2026,FN,No
F165,09-04-2026,AN,Yes
F165,10-04-2026,FN,No
F165,10-04-2026,AN,No
F166,01-04-2026,FN,No
F166,01-04-2026,AN,No
F166,02-04-2026,FN,Yes
F166,02-04-2026,AN,No
F166,03-04-2026,FN,Yes
F166,03-04-2026,AN,No
F166,04-04-2026,FN,Yes
F166,04-04-2026,AN,Yes
F166,05-04-2026,FN,No
F166,05-04-2026,AN,Yes
F166,06-04-2026,FN,No
F166,06-04-2026,AN,Yes
F166,07-04-2026,FN,Yes
F166,07-04-2026,AN,Yes
F166,08-04-2026,FN,No
F166,08-04-2026,AN,Yes
F166,09-04-2026,FN,Yes
F166,09-04-2026,AN,Yes
F166,10-04-2026,FN,No
F166,10-04-2026,AN,Yes
F167,01-04-2026,FN,No
F167,01-04-2026,AN,Yes
F167,02-04-2026,FN,No
F167,02-04-2026,AN,Yes
F167,03-04-2026,FN,No
F167,03-04-2026,AN,Yes
F167,04-04-2026,FN,Yes
F167,04-04-2026,AN,No
F167,05-04-2026,FN,Yes
F167,05-04-2026,AN,Yes
F167,06-04-2026,FN,No
F167,06-04-2026,AN,Yes
F167,07-04-2026,FN,Yes
F167,07-04-2026,AN,Yes
F167,08-04-2026,FN,Yes
F167,08-04-2026,AN,No
F167,09-04-2026,FN,Yes
F167,09-04-2026,AN,Yes
F167,10-04-2026,FN,No
F167,10-04-2026,AN,No
F168,01-04-2026,FN,No
F168,01-04-2026,AN,Yes
F168,02-04-2026,FN,No
F168,02-04-2026,AN,No
F168,03-04-2026,FN,No
F168,03-04-2026,AN,Yes
F168,04-04-2026,FN,No
F168,04-04-2026,AN,Yes
F168,05-04-2026,FN,No
F168,05-04-2026,AN,Yes
F168,06-04-2026,FN,Yes
F168,06-04-2026,AN,Yes
F168,07-04-2026,FN,Yes
F168,07-04-2026,AN,No
F168,08-04-2026,FN,No
F168,08-04-2026,AN,Yes
F168,09-04-2026,FN,Yes
F168,09-04-2026,AN,Yes
F168,10-04-2026,FN,No
F168,10-04-2026,AN,Yes
F169,01-04-2026,FN,Yes
F169,01-04-2026,AN,No
F169,02-04-2026,FN,No
F169,02-04-2026,AN,No
F169,03-04-2026,FN,No
F169,03-04-2026,AN,No
F169,04-04-2026,FN,Yes
F169,04-04-2026,AN,No
F169,05-04-2026,FN,Yes
F169,05-04-2026,AN,No
F169,06-04-2026,FN,No
F169,06-04-2026,AN,No
F169,07-04-2026,FN,Yes
F169,07-04-2026,AN,Yes
F169,08-04-2026,FN,No
F169,08-04-2026,AN,No
F169,09-04-2026,FN,Yes
F169,09-04-2026,AN,No
F169,10-04-2026,FN,No
F169,10-04-2026,AN,Yes
F170,01-04-2026,FN,Yes
F170,01-04-2026,AN,Yes
F170,02-04-2026,FN,No
F170,02-04-2026,AN,Yes
F170,03-04-2026,FN,No
F170,03-04-2026,AN,No
F170,04-04-2026,FN,No
F170,04-04-2026,AN,No
F170,05-04-2026,FN,Yes
F170,05-04-2026,AN,No
F170,06-04-2026,FN,Yes
F170,06-04-2026,AN,No
F170,07-04-2026,FN,No
F170,07-04-2026,AN,Yes
F170,08-04-2026,FN,No
F170,08-04-2026,AN,No
F170,09-04-2026,FN,Yes
F170,09-04-2026,AN,No
F170,10-04-2026,FN,No
F170,10-04-2026,AN,No
F171,01-04-2026,FN,Yes
F171,01-04-2026,AN,Yes
F171,02-04-2026,FN,Yes
F171,02-04-2026,AN,No
F171,03-04-2026,FN,Yes
F171,03-04-2026,AN,No
F171,04-04-2026,FN,No
F171,04-04-2026,AN,Yes
F171,05-04-2026,FN,No
F171,05-04-2026,AN,No
F171,06-04-2026,FN,Yes
F171,06-04-2026,AN,Yes
F171,07-04-2026,FN,No
F171,07-04-2026,AN,No
F171,08-04-2026,FN,Yes
F171,08-04-2026,AN,Yes
F171,09-04-2026,FN,Yes
F171,09-04-2026,AN,No
F171,10-04-2026,FN,No
F171,10-04-2026,AN,Yes
F172,01-04-2026,FN,No
F172,01-04-2026,AN,Yes
F172,02-04-2026,FN,Yes
F172,02-04-2026,AN,Yes
F172,03-04-2026,FN,Yes
F172,03-04-2026,AN,No
F172,04-04-2026,FN,No
F172,04-04-2026,AN,Yes
F172,05-04-2026,FN,Yes
F172,05-04-2026,AN,Yes
F172,06-04-2026,FN,Yes
F172,06-04-2026,AN,Yes
F172,07-04-2026,FN,No
F172,07-04-2026,AN,Yes
F172,08-04-2026,FN,Yes
F172,08-04-2026,AN,No
F172,09-04-2026,FN,Yes
F172,09-04-2026,AN,No
F172,10-04-2026,FN,Yes
F172,10-04-2026,AN,Yes
F173,01-04-2026,FN,Yes
F173,01-04-2026,AN,Yes
F173,02-04-2026,FN,Yes
F173,02-04-2026,AN,Yes
F173,03-04-2026,FN,Yes
F173,03-04-2026,AN,Yes
F173,04-04-2026,FN,No
F173,04-04-2026,AN,Yes
F173,05-04-2026,FN,No
F173,05-04-2026,AN,Yes
F173,06-04-2026,FN,Yes
F173,06-04-2026,AN,Yes
F173,07-04-2026,FN,No
F173,07-04-2026,AN,No
F173,08-04-2026,FN,Yes
F173,08-04-2026,AN,No
F173,09-04-2026,FN,No
F173,09-04-2026,AN,No
F173,10-04-2026,FN,No
F173,10-04-2026,AN,No
F174,01-04-2026,FN,Yes
F174,01-04-2026,AN,No
F174,02-04-2026,FN,No
F174,02-04-2026,AN,Yes
F174,03-04-2026,FN,Yes
F174,03-04-2026,AN,Yes
F174,04-04-2026,FN,No
F174,04-04-2026,AN,Yes
F174,05-04-2026,FN,No
F174,05-04-2026,AN,Yes
F174,06-04-2026,FN,Yes
F174,06-04-2026,AN,No
F174,07-04-2026,FN,No
F174,07-04-2026,AN,Yes
F174,08-04-2026,FN,No
F174,08-04-2026,AN,No
F174,09-04-2026,FN,Yes
F174,09-04-2026,AN,Yes
F174,10-04-2026,FN,Yes
F174,10-04-2026,AN,No
F175,01-04-2026,FN,No
F175,01-04-2026,AN,Yes
F175,02-04-2026,FN,No
F175,02-04-2026,AN,Yes
F175,03-04-2026,FN,Yes
F175,03-04-2026,AN,Yes
F175,04-04-2026,FN,Yes
F175,04-04-2026,AN,Yes
F175,05-04-2026,FN,Yes
F175,05-04-2026,AN,Yes
F175,06-04-2026,FN,No
F175,06-04-2026,AN,No
F175,07-04-2026,FN,Yes
F175,07-04-2026,AN,Yes
F175,08-04-2026,FN,No
F175,08-04-2026,AN,Yes
F175,09-04-2026,FN,Yes
F175,09-04-2026,AN,Yes
F175,10-04-2026,FN,No
F175,10-04-2026,AN,No
F176,01-04-2026,FN,Yes
F176,01-04-2026,AN,Yes
F176,02-04-2026,FN,Yes
F176,02-04-2026,AN,Yes
F176,03-04-2026,FN,No
F176,03-04-2026,AN,Yes
F176,04-04-2026,FN,Yes
F176,04-04-2026,AN,Yes
F176,05-04-2026,FN,Yes
F176,05-04-2026,AN,Yes
F176,06-04-2026,FN,Yes
F176,06-04-2026,AN,No
F176,07-04-2026,FN,No
F176,07-04-2026,AN,No
F176,08-04-2026,FN,Yes
F176,08-04-2026,AN,Yes
F176,09-04-2026,FN,Yes
F176,09-04-2026,AN,No
F176,10-04-2026,FN,Yes
F176,10-04-2026,AN,Yes
F177,01-04-2026,FN,Yes
F177,01-04-2026,AN,No
F177,02-04-2026,FN,Yes
F177,02-04-2026,AN,No
F177,03-04-2026,FN,No
F177,03-04-2026,AN,Yes
F177,04-04-2026,FN,Yes
F177,04-04-2026,AN,Yes
F177,05-04-2026,FN,Yes
F177,05-04-2026,AN,No
F177,06-04-2026,FN,Yes
F177,06-04-2026,AN,Yes
F177,07-04-2026,FN,Yes
F177,07-04-2026,AN,Yes
F177,08-04-2026,FN,Yes
F177,08-04-2026,AN,Yes
F177,09-04-2026,FN,Yes
F177,09-04-2026,AN,No
F177,10-04-2026,FN,No
F177,10-04-2026,AN,Yes
F178,01-04-2026,FN,Yes
F178,01-04-2026,AN,No
F178,02-04-2026,FN,No
F178,02-04-2026,AN,Yes
F178,03-04-2026,FN,Yes
F178,03-04-2026,AN,No
F178,04-04-2026,FN,No
F178,04-04-2026,AN,No
F178,05-04-2026,FN,Yes
F178,05-04-2026,AN,No
F178,06-04-2026,FN,No
F178,06-04-2026,AN,Yes
F178,07-04-2026,FN,No
F178,07-04-2026,AN,No
F178,08-04-2026,FN,No
F178,08-04-2026,AN,No
F178,09-04-2026,FN,No
F178,09-04-2026,AN,No
F178,10-04-2026,FN,No
F178,10-04-2026,AN,Yes
F179,01-04-2026,FN,No
F179,01-04-2026,AN,Yes
F179,02-04-2026,FN,No
F179,02-04-2026,AN,No
F179,03-04-2026,FN,Yes
F179,03-04-2026,AN,No
F179,04-04-2026,FN,No
F179,04-04-2026,AN,No
F179,05-04-2026,FN,Yes
F179,05-04-2026,AN,Yes
F179,06-04-2026,FN,Yes
F179,06-04-2026,AN,No
F179,07-04-2026,FN,No
F179,07-04-2026,AN,No
F179,08-04-2026,FN,Yes
F179,08-04-2026,AN,Yes
F179,09-04-2026,FN,No
F179,09-04-2026,AN,Yes
F179,10-04-2026,FN,Yes
F179,10-04-2026,AN,Yes
F180,01-04-2026,FN,Yes
F180,01-04-2026,AN,No
F180,02-04-2026,FN,No
F180,02-04-2026,AN,No
F180,03-04-2026,FN,No
F180,03-04-2026,AN,Yes
F180,04-04-2026,FN,Yes
F180,04-04-2026,AN,Yes
F180,05-04-2026,FN,No
F180,05-04-2026,AN,No
F180,06-04-2026,FN,No
F180,06-04-2026,AN,Yes
F180,07-04-2026,FN,Yes
F180,07-04-2026,AN,No
F180,08-04-2026,FN,No
F180,08-04-2026,AN,No
F180,09-04-2026,FN,No
F180,09-04-2026,AN,Yes
F180,10-04-2026,FN,No
F180,10-04-2026,AN,Yes
F181,01-04-2026,FN,Yes
F181,01-04-2026,AN,Yes
F181,02-04-2026,FN,Yes
F181,02-04-2026,AN,Yes
F181,03-04-2026,FN,No
F181,03-04-2026,AN,Yes
F181,04-04-2026,FN,No
F181,04-04-2026,AN,No
F181,05-04-2026,FN,No
F181,05-04-2026,AN,Yes
F181,06-04-2026,FN,No
F181,06-04-2026,AN,No
F181,07-04-2026,FN,Yes
F181,07-04-2026,AN,Yes
F181,08-04-2026,FN,Yes
F181,08-04-2026,AN,No
F181,09-04-2026,FN,Yes
F181,09-04-2026,AN,Yes
F181,10-04-2026,FN,No
F181,10-04-2026,AN,No
F182,01-04-2026,FN,No
F182,01-04-2026,AN,Yes
F182,02-04-2026,FN,Yes
F182,02-04-2026,AN,Yes
F182,03-04-2026,FN,No
F182,03-04-2026,AN,Yes
F182,04-04-2026,FN,Yes
F182,04-04-2026,AN,No
F182,05-04-2026,FN,Yes
F182,05-04-2026,AN,Yes
F182,06-04-2026,FN,No
F182,06-04-2026,AN,Yes
F182,07-04-2026,FN,Yes
F182,07-04-2026,AN,No
F182,08-04-2026,FN,Yes
F182,08-04-2026,AN,No
F182,09-04-2026,FN,Yes
F182,09-04-2026,AN,No
F182,10-04-2026,FN,Yes
F182,10-04-2026,AN,No
F183,01-04-2026,FN,No
F183,01-04-2026,AN,No
F183,02-04-2026,FN,No
F183,02-04-2026,AN,Yes
F183,03-04-2026,FN,No
F183,03-04-2026,AN,Yes
F183,04-04-2026,FN,No
F183,04-04-2026,AN,Yes
F183,05-04-2026,FN,No
F183,05-04-2026,AN,No
F183,06-04-2026,FN,Yes
F183,06-04-2026,AN,Yes
F183,07-04-2026,FN,No
F183,07-04-2026,AN,Yes
F183,08-04-2026,FN,No
F183,08-04-2026,AN,Yes
F183,09-04-2026,FN,No
F183,09-04-2026,AN,No
F183,10-04-2026,FN,No
F183,10-04-2026,AN,No
F184,01-04-2026,FN,No
F184,01-04-2026,AN,Yes
F184,02-04-2026,FN,Yes
F184,02-04-2026,AN,Yes
F184,03-04-2026,FN,No
F184,03-04-2026,AN,Yes
F184,04-04-2026,FN,Yes
F184,04-04-2026,AN,Yes
F184,05-04-2026,FN,Yes
F184,05-04-2026,AN,No
F184,06-04-2026,FN,No
F184,06-04-2026,AN,Yes
F184,07-04-2026,FN,Yes
F184,07-04-2026,AN,No
F184,08-04-2026,FN,Yes
F184,08-04-2026,AN,Yes
F184,09-04-2026,FN,Yes
F184,09-04-2026,AN,No
F184,10-04-2026,FN,No
F184,10-04-2026,AN,No
F185,01-04-2026,FN,No
F185,01-04-2026,AN,No
F185,02-04-2026,FN,No
F185,02-04-2026,AN,No
F185,03-04-2026,FN,No
F185,03-04-2026,AN,No
F185,04-04-2026,FN,Yes
F185,04-04-2026,AN,No
F185,05-04-2026,FN,No
F185,05-04-2026,AN,No
F185,06-04-2026,FN,Yes
F185,06-04-2026,AN,No
F185,07-04-2026,FN,No
F185,07-04-2026,AN,Yes
F185,08-04-2026,FN,Yes
F185,08-04-2026,AN,Yes
F185,09-04-2026,FN,No
F185,09-04-2026,AN,Yes
F185,10-04-2026,FN,Yes
F185,10-04-2026,AN,Yes
F186,01-04-2026,FN,No
F186,01-04-2026,AN,Yes
F186,02-04-2026,FN,Yes
F186,02-04-2026,AN,No
F186,03-04-2026,FN,No
F186,03-04-2026,AN,No
F186,04-04-2026,FN,Yes
F186,04-04-2026,AN,Yes
F186,05-04-2026,FN,Yes
F186,05-04-2026,AN,Yes
F186,06-04-2026,FN,No
F186,06-04-2026,AN,Yes
F186,07-04-2026,FN,Yes
F186,07-04-2026,AN,No
F186,08-04-2026,FN,No
F186,08-04-2026,AN,No
F186,09-04-2026,FN,Yes
F186,09-04-2026,AN,No
F186,10-04-2026,FN,No
F186,10-04-2026,AN,No
F187,01-04-2026,FN,Yes
F187,01-04-2026,AN,Yes
F187,02-04-2026,FN,Yes
F187,02-04-2026,AN,Yes
F187,03-04-2026,FN,Yes
F187,03-04-2026,AN,Yes
F187,04-04-2026,FN,Yes
F187,04-04-2026,AN,Yes
F187,05-04-2026,FN,No
F187,05-04-2026,AN,Yes
F187,06-04-2026,FN,Yes
F187,06-04-2026,AN,Yes
F187,07-04-2026,FN,Yes
F187,07-04-2026,AN,Yes
F187,08-04-2026,FN,No
F187,08-04-2026,AN,No
F187,09-04-2026,FN,No
F187,09-04-2026,AN,No
F187,10-04-2026,FN,No
F187,10-04-2026,AN,No
F188,01-04-2026,FN,Yes
F188,01-04-2026,AN,No
F188,02-04-2026,FN,No
F188,02-04-2026,AN,Yes
F188,03-04-2026,FN,No
F188,03-04-2026,AN,Yes
F188,04-04-2026,FN,No
F188,04-04-2026,AN,No
F188,05-04-2026,FN,Yes
F188,05-04-2026,AN,No
F188,06-04-2026,FN,No
F188,06-04-2026,AN,Yes
F188,07-04-2026,FN,Yes
F188,07-04-2026,AN,Yes
F188,08-04-2026,FN,No
F188,08-04-2026,AN,Yes
F188,09-04-2026,FN,No
F188,09-04-2026,AN,No
F188,10-04-2026,FN,Yes
F188,10-04-2026,AN,No
F189,01-04-2026,FN,Yes
F189,01-04-2026,AN,No
F189,02-04-2026,FN,Yes
F189,02-04-2026,AN,No
F189,03-04-2026,FN,No
F189,03-04-2026,AN,No
F189,04-04-2026,FN,No
F189,04-04-2026,AN,Yes
F189,05-04-2026,FN,Yes
F189,05-04-2026,AN,No
F189,06-04-2026,FN,Yes
F189,06-04-2026,AN,No
F189,07-04-2026,FN,Yes
F189,07-04-2026,AN,Yes
F189,08-04-2026,FN,Yes
F189,08-04-2026,AN,No
F189,09-04-2026,FN,No
F189,09-04-2026,AN,No
F189,10-04-2026,FN,No
F189,10-04-2026,AN,No
F190,01-04-2026,FN,Yes
F190,01-04-2026,AN,No
F190,02-04-2026,FN,No
F190,02-04-2026,AN,Yes
F190,03-04-2026,FN,No
F190,03-04-2026,AN,Yes
F190,04-04-2026,FN,Yes
F190,04-04-2026,AN,No
F190,05-04-2026,FN,No
F190,05-04-2026,AN,No
F190,06-04-2026,FN,Yes
F190,06-04-2026,AN,No
F190,07-04-2026,FN,Yes
F190,07-04-2026,AN,No
F190,08-04-2026,FN,No
F190,08-04-2026,AN,Yes
F190,09-04-2026,FN,Yes
F190,09-04-2026,AN,No
F190,10-04-2026,FN,No
F190,10-04-2026,AN,Yes
F191,01-04-2026,FN,Yes
F191,01-04-2026,AN,Yes
F191,02-04-2026,FN,No
F191,02-04-2026,AN,Yes
F191,03-04-2026,FN,Yes
F191,03-04-2026,AN,Yes
F191,04-04-2026,FN,No
F191,04-04-2026,AN,Yes
F191,05-04-2026,FN,No
F191,05-04-2026,AN,Yes
F191,06-04-2026,FN,Yes
F191,06-04-2026,AN,No
F191,07-04-2026,FN,No
F191,07-04-2026,AN,Yes
F191,08-04-2026,FN,No
F191,08-04-2026,AN,Yes
F191,09-04-2026,FN,No
F191,09-04-2026,AN,No
F191,10-04-2026,FN,No
F191,10-04-2026,AN,No
F192,01-04-2026,FN,Yes
F192,01-04-2026,AN,Yes
F192,02-04-2026,FN,Yes
F192,02-04-2026,AN,No
F192,03-04-2026,FN,No
F192,03-04-2026,AN,Yes
F192,04-04-2026,FN,Yes
F192,04-04-2026,AN,Yes
F192,05-04-2026,FN,Yes
F192,05-04-2026,AN,Yes
F192,06-04-2026,FN,Yes
F192,06-04-2026,AN,No
F192,07-04-2026,FN,No
F192,07-04-2026,AN,No
F192,08-04-2026,FN,No
F192,08-04-2026,AN,Yes
F192,09-04-2026,FN,No
F192,09-04-2026,AN,No
F192,10-04-2026,FN,No
F192,10-04-2026,AN,No
F193,01-04-2026,FN,No
F193,01-04-2026,AN,Yes
F193,02-04-2026,FN,No
F193,02-04-2026,AN,Yes
F193,03-04-2026,FN,No
F193,03-04-2026,AN,No
F193,04-04-2026,FN,No
F193,04-04-2026,AN,No
F193,05-04-2026,FN,No
F193,05-04-2026,AN,No
F193,06-04-2026,FN,Yes
F193,06-04-2026,AN,No
F193,07-04-2026,FN,No
F193,07-04-2026,AN,No
F193,08-04-2026,FN,Yes
F193,08-04-2026,AN,Yes
F193,09-04-2026,FN,No
F193,09-04-2026,AN,Yes
F193,10-04-2026,FN,No
F193,10-04-2026,AN,Yes
F194,01-04-2026,FN,No
F194,01-04-2026,AN,No
F194,02-04-2026,FN,Yes
F194,02-04-2026,AN,No
F194,03-04-2026,FN,No
F194,03-04-2026,AN,No
F194,04-04-2026,FN,No
F194,04-04-2026,AN,No
F194,05-04-2026,FN,Yes
F194,05-04-2026,AN,Yes
F194,06-04-2026,FN,Yes
F194,06-04-2026,AN,No
F194,07-04-2026,FN,No
F194,07-04-2026,AN,Yes
F194,08-04-2026,FN,No
F194,08-04-2026,AN,No
F194,09-04-2026,FN,No
F194,09-04-2026,AN,Yes
F194,10-04-2026,FN,No
F194,10-04-2026,AN,Yes
F195,01-04-2026,FN,Yes
F195,01-04-2026,AN,Yes
F195,02-04-2026,FN,Yes
F195,02-04-2026,AN,Yes
F195,03-04-2026,FN,No
F195,03-04-2026,AN,No
F195,04-04-2026,FN,Yes
F195,04-04-2026,AN,No
F195,05-04-2026,FN,Yes
F195,05-04-2026,AN,Yes
F195,06-04-2026,FN,No
F195,06-04-2026,AN,Yes
F195,07-04-2026,FN,No
F195,07-04-2026,AN,Yes
F195,08-04-2026,FN,Yes
F195,08-04-2026,AN,No
F195,09-04-2026,FN,Yes
F195,09-04-2026,AN,Yes
F195,10-04-2026,FN,Yes
F195,10-04-2026,AN,No
F196,01-04-2026,FN,Yes
F196,01-04-2026,AN,No
F196,02-04-2026,FN,Yes
F196,02-04-2026,AN,No
F196,03-04-2026,FN,Yes
F196,03-04-2026,AN,No
F196,04-04-2026,FN,Yes
F196,04-04-2026,AN,Yes
F196,05-04-2026,FN,No
F196,05-04-2026,AN,Yes
F196,06-04-2026,FN,Yes
F196,06-04-2026,AN,No
F196,07-04-2026,FN,No
F196,07-04-2026,AN,No
F196,08-04-2026,FN,No
F196,08-04-2026,AN,Yes
F196,09-04-2026,FN,No
F196,09-04-2026,AN,No
F196,10-04-2026,FN,No
F196,10-04-2026,AN,Yes
F197,01-04-2026,FN,No
F197,01-04-2026,AN,No
F197,02-04-2026,FN,No
F197,02-04-2026,AN,No
F197,03-04-2026,FN,Yes
F197,03-04-2026,AN,No
F197,04-04-2026,FN,No
F197,04-04-2026,AN,Yes
F197,05-04-2026,FN,Yes
F197,05-04-2026,AN,No
F197,06-04-2026,FN,Yes
F197,06-04-2026,AN,No
F197,07-04-2026,FN,No
F197,07-04-2026,AN,Yes
F197,08-04-2026,FN,No
F197,08-04-2026,AN,No
F197,09-04-2026,FN,Yes
F197,09-04-2026,AN,Yes
F197,10-04-2026,FN,No
F197,10-04-2026,AN,Yes
F198,01-04-2026,FN,No
F198,01-04-2026,AN,Yes
F198,02-04-2026,FN,No
F198,02-04-2026,AN,No
F198,03-04-2026,FN,Yes
F198,03-04-2026,AN,No
F198,04-04-2026,FN,Yes
F198,04-04-2026,AN,No
F198,05-04-2026,FN,No
F198,05-04-2026,AN,Yes
F198,06-04-2026,FN,No
F198,06-04-2026,AN,Yes
F198,07-04-2026,FN,No
F198,07-04-2026,AN,Yes
F198,08-04-2026,FN,Yes
F198,08-04-2026,AN,No
F198,09-04-2026,FN,Yes
F198,09-04-2026,AN,No
F198,10-04-2026,FN,No
F198,10-04-2026,AN,No
F199,01-04-2026,FN,Yes
F199,01-04-2026,AN,No
F199,02-04-2026,FN,No
F199,02-04-2026,AN,Yes
F199,03-04-2026,FN,No
F199,03-04-2026,AN,Yes
F199,04-04-2026,FN,No
F199,04-04-2026,AN,No
F199,05-04-2026,FN,Yes
F199,05-04-2026,AN,Yes
F199,06-04-2026,FN,Yes
F199,06-04-2026,AN,No
F199,07-04-2026,FN,Yes
F199,07-04-2026,AN,No
F199,08-04-2026,FN,Yes
F199,08-04-2026,AN,No
F199,09-04-2026,FN,No
F199,09-04-2026,AN,Yes
F199,10-04-2026,FN,No
F199,10-04-2026,AN,Yes
F200,01-04-2026,FN,No
F200,01-04-2026,AN,Yes
F200,02-04-2026,FN,No
F200,02-04-2026,AN,Yes
F200,03-04-2026,FN,No
F200,03-04-2026,AN,Yes
F200,04-04-2026,FN,Yes
F200,04-04-2026,AN,Yes
F200,05-04-2026,FN,No
F200,05-04-2026,AN,Yes
F200,06-04-2026,FN,No
F200,06-04-2026,AN,Yes
F200,07-04-2026,FN,Yes
F200,07-04-2026,AN,No
F200,08-04-2026,FN,No
F200,08-04-2026,AN,No
F200,09-04-2026,FN,No
F200,09-04-2026,AN,No
F200,10-04-2026,FN,Yes
F200,10-04-2026,AN,Yes
